                        ,HIP,Patel?,Target Type,dist,Gaia DR2 dist,SpType,PM (mas/yr),V,(B-V),RA (deg),dec (deg),G. Lat,J,H,K,AW1,W1,AW2,W2,AW3,W3,AW4,W4,AW1_E,W1 err,AW2_E,W2 err,AW3_E,W3 err,AW4_E,W4 err,22 um xs,Sigma xs,Keck Obs?,10-Sep,11-Feb,11-May,11-Oct,12-Feb,12-Jun,12-Jul,12-Aug,12-Oct,12-Dec,13-Mar,13-Apr,13-May,13-Jun,13-Aug,13-Sep,13-Oct,13-Nov,13-Dec,14-Jan,14-Apr,14-May,14-Jul,14-Oct,14-Nov,14-Dec,15-Jan,15-Feb,15-Jun,16-Jun,16-Nov,PM so far,Epochs,Reduction Notes,Candidates?,Candidate Notes,Need followup?,Notes,Champion,,Champion comments
0,HIP 544,,Spitzer 3.8 um,13,1.38E+01,K0V,420.8,6.13,0.75,1.6533,29.0215,-33,4.73,4.63,4.31,4.27,4.3,3.84,3.8,4.33,4.33,4.13,4.12,0.28,0.08,0.15,0.02,0.01,0.01,0.03,0.02,0.18,2.1,1,,,,,,,,,,,,,,,,1,,,,,,,,,,,,,,,,,1,,0,,no,HD 166. Vican: 266-337 Myr. Rameau/Brandt. Farisa candidate: 545mas 1e-5. Revised Spitzer excess: 4.2 sigma. ,Jorge,1,Observed in 2013. VIP processed 'new'. No visible companions. 
0,HIP 813,,Zuckerman,93,9.33E+01,B9Vn,30.95,5.54,-0.06,2.5092,11.1458,-50,****,9,****,5.43,5.316,5.441,5.459,5.596,5.619,5.409,5.375,0.162,0.064,0.041,0.035,0.012,0.014,0.043,0.03,-0.059,-0.8,1,,,,,,,,,,,,,,,,1,,,,,,,,,,,,,,,,,1,,0,,no,HD 560. Proposed Octans member (Zuckerman '13). 30 Myr,Jorge,2,
0,HIP 1427,,Mizusawa,44,4.71E+01,F6V,221.76,7.22,0.46,4.4583,16.331,-46,6.29,6.09,6.05,6.013,6.042,5.934,5.981,6.062,6.071,5.884,5.902,0.106,0.05,0.042,0.045,0.016,0.016,0.052,0.04,0.14,2.2,1,,,,,,,,,,1,,,,,,,,,,,,,,,,,,,,,,,1,"mediocre contrast, good alignment, some clouds",0,,no,"1e-5 contrast, not the greatest observations, but probably okay. ",Jorge,3,
0,HIP 2415,,WISE,105.8,1.09E+02,A0,30.49,6.88,0.13,7.6964,16.0376,-47,6.55,6.55,6.55,6.51,6.5,6.48,6.53,6.55,6.55,6.24,6.29,0.08,0.02,0.02,0.06,0.02,0.02,0.06,0.05,0.26,5,1,,,,,,,,,1,,,,,,,,,,,,,,,,,,,,,,,,1,"decent alignment,  36deg but mediocre contrast, WTF? ",0,,no,"binary companion 30"". Added Sept 2012: missed in earlier cuts. Obs. At Keck 0ct 2012",Jorge,4,
0,HIP 2496,,WISE,106,1.13E+02,A0,23.16,7.07,0.08,7.9198,-1.7937,-64,6.92,6.89,6.89,6.81,6.85,6.89,6.9,6.77,6.78,5.83,5.8,0.06,0.03,0.02,0.04,0.02,0.02,0.05,0.04,1.04,20.4,1,,,,,,,,1,,,,,,,,,,,,,,,,,,,,,,,,,1,alignment good ,0,,no,"Monster excess, but distant. Observed at Keck Aug 2012.",Jorge,5,
0,HIP 3965,,WISE,67,6.83E+01,F2IV,137.98,6.36,0.29,12.7391,51.508,-11,5.83,5.82,5.71,5.683,5.646,5.609,5.6,5.725,5.717,5.479,5.462,0.156,0.061,0.05,0.027,0.014,0.015,0.031,0.027,0.18,2.7,1,,,,,,,,1,,,,,,,,,,,,,,,,,,,,,,,,,1,"alignment is pretty good, good contrast at 1""",0,no,no,"Revised Spitzer 3.8 um excess: 5.4 sigma.  Old notes: Added July 2012, missed earlier. Observed Keck Aug 2012.",Jorge,6,
0,HIP 4067,no,WISE,27,3.32E+01,early M?,44.23,11.8,1.47,13.039,6.803,-56,****,****,****,7.95,7.94,7.94,7.94,7.88,7.86,7.94,7.45,0.03,0.02,0.02,0.12,0.02,0.02,0.19,0.12,0.5,4.1,1,,,,,,,,,,,,,,,,,1,,,,,,,1,,,,,,,,45,2,,2,"candidate 1: 3.8"" North (4e-4), candidate 2: 6.7"" East (3e-4). ",no,All sources background. Initial blink test suggests BKG object. 3.7 to 4.0 sigma object added in Feb 2013,Jorge,7,
0,HIP 4366,,WISE,77.8,7.82E+01,A5IV,22.85,6.13,0.13,13.9937,27.2094,-36,5.81,5.76,5.75,5.75,5.8,5.62,5.66,5.75,5.74,5.3,5.34,0.14,0.04,0.05,0.03,0.01,0.01,0.03,0.03,0.44,8.8,1,,1,,,,,,,,,,,,,,,,,,,,,,,,,,,,,,,1,"alignment okay, some clouds, mediocre contrast",0,possibly something due N. Detector artifact? ,no,"Observed at Keck, Feb 2011, Morales 2011",Jorge,8,
0,HIP 4630,,WISE Final,110,1.16E+02,A0,38.17,7.54,0.15,14.8593,40.1551,-23,7.17,7.21,7.18,7.1,7.14,7.17,7.18,7.17,7.17,6.65,6.69,0.05,0.03,0.02,0.05,0.02,0.02,0.05,0.05,0.45,7.6,1,,,,,,,,1,,,,,,,,,,,,,,,,,1,,,,,,,80-90,2,used a subset of images: 714-763,0,,no? ,"Observed at Keck Aug 2012, lots of clouds. Re-observed in 2014 November. ",Jorge,9,
0,HIP 5227,,Spitzer 3.8 um,113,9.52E+01,K0IVe:,90.06,7.79,0.84,16.7043,-22.8559,-84,6,5.48,5.36,5.33,5.29,5.14,5.07,5.25,5.25,5.15,5.16,0.17,0.06,0.06,0.03,0.02,0.02,0.03,0.02,0.13,2,1,,,,,,,,,,,,,,,,,,,1,,,,,,,,,,,,,,1,,0,,no,HD 6628. Upcoming 3.8 um obs. Vican: 10-24 Myr. DLP: no significant W4 excess.  ,Jorge,10,
0,HIP 5373,,Vican,35,3.57E+01,K0V,79.26,8.63,0.85,17.1905,-25.8611,-86,7.13,6.8,6.68,6.578,6.578,6.608,6.608,6.649,6.649,6.495,6.495,0.079,0.079,0.024,0.061,0.015,0.015,0.061,0.05,0.083,,1,,,,,,,,,,,,,,,,,,,1,,,,,,,,,,,,,,1,variable seeing,0,,no,HD6838. Vican: 150-211 Myr. DLP: No significant W4 excess. ,Jorge,11,
0,HIP 5626,,WISE,82.9,8.07E+01,A3V,95.11,5.61,0.01,18.0715,79.6739,17,5.46,5.5,5.49,5.54,5.51,5.39,5.28,5.49,5.48,4.66,4.7,0.16,0.05,0.05,0.02,0.02,0.02,0.02,0.02,0.8,14.9,1,,,,1,,,,,,,,,,,,,,,,,,,,,,,,,,,,,1,"decent alignment, good contrast",0,,no,Observed at Keck Oct 2011,Jorge,12,
0,HIP 5631,,Mizusawa,34,3.52E+01,F5,99.63,6.88,0.49,18.0798,12.2818,-50,5.88,5.69,5.66,5.689,5.632,5.503,5.494,5.68,5.678,5.516,5.521,0.121,0.054,0.049,0.032,0.014,0.014,0.037,0.03,0.111,1.8,1,,,,,,,,,,1,,,,,,,,,,,,,,,,,,,,,,,1,Really good alignment,0,,no,,Jorge,13,
0,HIP 6679,,WISE,48,4.99E+01,F0,36.53,6.97,0.42,21.4194,2.9721,-59,6.18,6.05,5.9,5.883,5.844,5.833,5.829,5.923,5.922,5.595,5.602,0.12,0.056,0.046,0.032,0.015,0.014,0.036,0.03,0.24,5.9,1,,,,,,,,1,,,,,,,,,,,,,,,,,,,,,,,,,1,Good alignment. contrast ~ 7e-6. Nice LOCI image ,0,no,no,Revised Spitzer 3.8 um excess: 5.9 sigma! Missed in earlier cuts. 3.7 to 4.0 sigma object.,Jorge,14,
0,HIP 7051,,WISE,119,1.31E+02,A3,17.06,8.27,0.24,22.7213,34.1739,-28,7.74,7.68,7.64,7.59,7.61,7.64,7.64,7.62,7.63,7.07,7.05,0.03,0.03,0.02,0.07,0.02,0.02,0.09,0.06,0.56,8.6,1,,,,,,,,,1,,,,,,,1,,,,,,,,,,,,,,,,,2,"decent alignment, mediocre contrast (0.41"" seeing) WTF?",0,,no,"Keck: Oct 2012. Jonas claims to see 1-3 companions, but likely dubious speckles.  ",Jorge,15,
0,HIP 8109,,WISE,44,4.79E+01,F8,55.4,7.27,0.59,26.0587,54.8864,-7,6.18,5.92,5.88,5.921,5.92,5.788,5.75,5.855,5.84,5.712,5.61,0.124,0.053,0.046,0.034,0.015,0.015,0.042,0.03,0.31,5.1,1,,,,,,,,,1,,,,,,,,,,,,,,,,,,,,,,,,1,"decent alignment, decent contrast",0,,no,"FGK star added in Oct 2012, Observed at Keck Oct 2012",Jorge,16,
0,HIP 8122,,WISE,69.3,6.87E+01,A3,91.92,6.8,0.25,26.0952,32.5157,-29,6.26,6.19,6.17,6.15,6.12,6.1,6.14,6.18,6.15,5.64,5.66,0.09,0.04,0.03,0.04,0.02,0.02,0.04,0.03,0.43,8.6,1,,,,1,,,,,,,,,,,,,,,,,,,,,,,,,,,,,1,"decent contrast, good alignment",0,,no,Observed at Keck Oct 2011,Jorge,17,
0,HIP 8691,,WISE,16,17.19531332,M2,782.67,11.79,1.48,27.9529,-10.8035,-68,8.38,7.85,7.63,7.46,7.47,7.32,7.31,7.27,7.27,7.15,7.15,0.03,0.03,0.02,0.08,0.02,0.02,0.11,0.08,0.32,3.9,1,,,,,,,,,,,,,,,,,1,,,,,,,,,,,,,,,,1,Really good contrast,0,,no,3.7 to 4.0 sigma object added in Feb 2013,Jorge,18,
0,HIP 11152,,Malo,28,2.72E+01,M1V,146.52,11.32,1.96,35.861,22.7352,-35,8.18,7.56,7.35,7.22,0,7.23,0,7.19,0,7.27,0,0.03,0,0.02,0,0.02,0.02,0.11,0.09,0,,1,,,,,,,,,,,,,,,,1,,,,,,,,,,,,,,,,,1,,0,Nothing obvious seen. ,no,Malo Beta Pic member,Jorge,19,
0,HIP 11191,,Mizusawa,63,6.80E+01,F5,22.61,8.06,0.48,36.0395,-7.4056,-60,7.15,7,6.93,6.877,6.873,6.86,6.867,6.885,6.884,6.86,6.896,0.059,0.036,0.02,0.064,0.015,0.015,0.088,0.06,-0.023,-0.3,1,,,,,,,,,,1,,,,,,,,,,,,,,,,,,,,,,,1,"Good alignment. Mediocre contrast: 10^-5 at 1""",0,,no,,Jorge,20,
0,HIP 11486,no,Spitzer 3.8 um,49,4.99E+01,F0III,87.31,5.29,0.29,37.0416,29.6693,-29,5.08,4.82,4.59,4.57,4.59,4.38,4.21,4.62,4.61,4.38,4.39,0.25,0.08,0.13,0.03,0.02,0.01,0.03,0.02,0.2,4.6,1,,,,,,,,,,,,,,,,,,1,,,,,,,1,,,,,,,90,2,"good alignment, good contrast",1,"7e-6 at 1.6"" to SW. Faint!. Need *integration* + contrast!",no,candidate is background. Revised Spitzer 3.8 um excess: 4.6 sigma. Companion is visible in 2014 epoch. ,Jorge,21,
0,HIP 12489,yes,Spitzer 3.8 um,70,7.62E+01,A3V,69.87,5.3,0.08,40.1712,27.0609,-30,5.11,5.12,5.07,5.06,5.01,4.89,4.79,5.09,5.09,4.85,4.87,0.23,0.07,0.12,0.03,0.01,0.01,0.03,0.03,0.14,4.2,1,,,,,,,,,,,,,,,,,,,1,,,,,1,,,,,,,,,2,,1,"Faint companion 2.5"" due south! 6e-06 contrast  ",no,"Sutlieff: bkg object. Revised Spitzer 3.8 um excess: 4.2 sigma. Will need lots of integration, not rotation. ",Jorge,22,
0,HIP 12635,,Malo,50,4.93E+01,early K?,134.74,10.27,0.98,40.5873,38.6225,-19,8.38,7.9,7.76,7.61,0,7.71,0,7.56,0,7.3,0,0.03,0,0.02,0,0.02,0.02,0.14,0.18,0,,1,,,,,,,,,,,,,,,,1,,,,,,,,,,,,,,,,,1,,0,,no,Malo AB Dor member,Jorge,23,
0,HIP 13209,,Zuckerman,50,4.73E+01,B8Vn,134.31,3.61,-0.09,42.496,27.2605,-29,3.66,3.8,3.86,3.888,3.842,3.634,3.296,3.879,3.863,3.553,3.556,0.285,0.094,0.174,0.023,0.016,0.015,0.024,0.02,0.286,7.4,1,,,,,,,,,,,,,,,,1,,,,,,,,,,,,,,,,,1,,0,,no,HD 17573. Revised Spitzer 3.8 um: 7.4 sigma! Malo AB Dor. Zuck et al. ('11) Tab. 2 (AB Dor). Redo?  Janson '08 is old. ,Jorge,24,
0,HIP 13631,,WISE,54,5.70E+01,K0,318.28,9.8,0.79,43.8846,18.7738,-35,8.28,7.88,7.77,7.72,7.73,7.79,7.79,7.8,7.72,8.14,7.32,0.03,0.03,0.02,0.11,0.02,0.02,0.34,0.1,0.41,4,1,,,,,,,,,,,,,,,,,,,1,,,,,,,,,,,,,,1,Not a lot of integration due to dec,0,,no,3.7 to 4.0 sigma object added in Feb 2013,Jorge,25,
0,HIP 13682,,WISE,116,1.75E+02,A0,7.98,7.71,0.03,44.0586,4.0484,-47,7.66,7.7,7.7,7.63,7.65,7.68,7.68,7.57,7.57,6.68,6.65,0.03,0.03,0.02,0.06,0.02,0.02,0.08,0.06,1.01,15.5,1,,,,,,,,1,,,,,,,,,,,,,,,,,,,,,,,,,1,Good alignment,0,,no,"Big excess, but distant. Observed at Keck Aug 2012",Jorge,26,
0,HIP 14807,,Zuckerman,52,5.62E+01,early K?,145.03,10.6,1,47.8014,22.423,-30,8.36,7.79,7.65,7.568,7.585,7.577,7.594,7.541,7.532,7.399,7.421,0.027,0.025,0.018,0.134,0.019,0.017,0.137,0.13,0.164,1.2,1,,,,,,,,1,,,,,,,,,,,,,,,,,,,,,,,,,1,"not great contrast, decent alignment",0,Nothing,no,Zuckerman et al (2011) Figure 1 (AB Dor Dusty Star),Jorge,27,
0,HIP 14809,no,Zuckerman,53,5.07E+01,G5,137.18,8.51,0.63,47.8077,22.4159,-30,7.27,7.07,6.97,6.912,6.907,6.929,6.939,6.938,6.929,6.703,6.722,0.058,0.034,0.018,0.071,0.017,0.016,0.078,0.07,0.185,2.4,1,,,,,,,,1,,,,,,,,,1,,,,,,,,,,,,,,,160,2,not great contrast,1,"6e-5, 0.30 arcsec (marginal)",no,Candidate disappeared. Zuck '11: Fig 1 (Dusty AB Dor). Malo: AB Dor. Vican: 250-270 Myr ,Jorge,28,
0,HIP 15902,,WISE,102.2,1.04E+02,A0,64.99,7.17,0.13,51.2041,28.6524,-23,6.84,6.85,6.81,6.86,6.84,6.82,6.84,6.83,6.8,6.21,6.24,0.05,0.03,0.02,0.05,0.02,0.02,0.05,0.04,0.58,11.6,1,,,,,,,,,,,,,,,,,,,1,,,,,,,,,,,,,,1,,0,,no,"A0, Added for 2011 Oct run",Jorge,29,
0,HIP 16042,no,WISE,51,5.05E+01,K0IV,112.06,6.47,0.9,51.6475,28.7151,-23,4.78,4.07,4.03,6.815,3.9,3.591,3.35,3.775,3.76,3.657,3.65,****,0.105,0.231,0.027,0.015,0.014,0.028,0.02,0.25,2.3,1,,,,,,,,,,,,,,,1,,,,,,,,,,,,,,,,,,1,,,,,"FGK star added in Oct 2012. Jon swift observed Aug 23, 2013. Likely a binary 0.3""",Jorge,30,
1,HIP 16095,no,Zuckerman,87,1.04E+02,A0Vs,12.83,6.29,-0.03,51.8278,12.7353,-35,6.28,6.32,6.31,6.316,6.278,6.289,6.321,6.402,6.405,6.351,6.403,0.086,0.045,0.025,0.064,0.016,0.016,0.06,0.06,-0.125,-1.7,1,,,,,,,,,,,,,,,,,1,,,,,,,1,,,1,,,,1,40 mas,4,,1,"3.4 arcseconds due East, slightly south. 10^-4 contrast",yes!!,Eric Nielsen following this. Initial Astrometry looks promising! Proposed Octans member < 100 Myr. Henry on 05 Nov 2016 (smearing) and then again on 11 Nov 2016. ,Jorge,31,
0,HIP 16563,,Zuckerman,34,3.64E+01,K2,189.6,8.25,0.71,53.3062,46.2574,-8,6.84,6.46,6.37,5.889,5.785,5.711,6.102,5.805,6.129,6.057,6.087,0.078,0.047,0.015,0.049,0.015,0.016,0.055,0.04,-0.302,-4.9,1,,,,,,,,,,,,,,,,1,,,,,,,,,,,,,,,,,1,,0,,no,HD 21845. Zuckerman et al (2011) Figure 1 (AB Dor Dusty Star). Malo AB Dor member. ,Jorge,32,
0,HIP 16709,,WISE,39,4.52E+01,M0,260.18,10.88,1.25,53.7485,34.611,-17,8.27,7.65,7.48,7.42,7.43,7.43,7.43,7.37,7.37,7.1,7.08,0.04,0.03,0.02,0.09,0.02,0.02,0.1,0.08,0.35,4.1,1,,,,,,,,,,,,,,,,,,,1,,,,,,,,,,,,,,1,Really good alignment,0,,no,3.7 to 4.0 sigma object added in Feb 2013,Jorge,33,
0,HIP 17338,,Zuckerman,50,5.68E+01,G8V,22.98,9.16,0.77,55.6658,-20.5455,-50,7.71,7.3,7.2,7.087,7.12,7.154,7.14,7.12,7.12,6.624,6.66,0.047,0.032,0.02,0.064,0.016,0.016,0.068,0.06,0.46,6.8,1,,,,,,,,,,1,,,,,,,,1,,,,,,,,,,,,,,,2,"really good alignment, good contrast",0,,no,WISE FGK (Oct '12). BZ private/Octans: 30 Myr. Clouds in 2012.,Jorge,34,
0,HIP 17395,,WISE,42.4,4.18E+01,A5m,19.38,5.66,0.22,55.8909,-10.4857,-46,5.21,5.17,5.08,5.11,5.04,4.97,4.84,5.08,5.06,4.66,4.7,0.14,0.05,0.07,0.03,0.01,0.01,0.03,0.02,0.34,6.3,1,,1,,,,,,,,,,,,,,,,,,,,,,,,,,,,,,,1,,0,,no,Observed at Keck Feb 2011. TIMMI2 and VISIR observations.,Jorge,35,
0,HIP 17921,,WISE,112,1.44E+02,B8III,50.67,6.07,-0.01,57.4795,22.2442,-24,5.97,6.05,5.98,6.06,6.02,5.99,5.99,6.11,6.1,5.7,5.62,0.09,0.05,0.04,0.04,0.02,0.02,0.04,0.03,0.4,7.2,1,,,,,,,,1,,,,,,,,,,,,,,,,,,,,,,,,,1,star slipping out of mask. No obvious companions,0,,no,Got a couple minutes of data Aug 2012. Should redo probably.,Jorge,36,
0,HIP 18481,,WISE,70.2,7.77E+01,A2Vn,76.37,6.12,0.06,59.2572,6.0398,-34,5.97,5.97,5.93,5.98,5.97,5.86,5.85,5.9,5.88,5.49,5.53,0.11,0.04,0.05,0.03,0.02,0.01,0.04,0.03,0.43,8.6,1,,1,,,,,,,,,,,,,,,,,,,,,,,,,,,,,,,1,Some clouds?,0,no,no,Observed at Keck Feb 2011.  Spitzer/Morales or is this a new WISE target?,Jorge,37,
0,HIP 19215,,WISE Final,118,1.60E+02,F0,37.87,8.97,0.34,61.7823,38.4542,-10,8.3,8.23,8.14,8.1,8.1,8.119,8.119,8.05,8.05,6.839,6.839,0.023,0.023,0.019,0.104,0.026,0.021,0.104,0.07,1.261,17.1,1,,,,,,,,,,,,,,,,,,,,,,,,,,,1,,,,,,1,Good alignment,0,,no,Massive Excess. Is this spurious? Danielle got 18 degrees on 09 January 2015. Studied versus modes. No obvious structure. ,Jorge,38,
0,HIP 19793,,WISE,47,4.58E+01,G5,131.86,8.05,0.66,63.6347,23.5749,-19,6.88,6.6,6.52,6.53,6.51,6.491,6.52,6.537,6.53,6.193,6.18,0.07,0.039,0.024,0.05,0.016,0.015,0.059,0.05,0.33,5.2,1,,,,,,,,,,,,,,,,,,1,,,,,,,,,,,,,,,1,"good alignment, good contrast",0,,no,Vican: 380-412 Myr. FGK star added in Oct 2012,Jorge,39,
0,HIP 20160,,WISE Final,76,1.29E+02,K7,30.97,10.7,2.66,64.816,29.1075,-15,9.1,8.22,7.74,7.113,7.113,6.621,6.621,4.802,4.802,2.702,2.702,0.051,0.051,0.023,0.018,0.014,0.014,0.018,0.01,4.411,84.9,1,,,,,,,,,,,,,,,,,,,,,,,,,,,1,,,,,,1,,0,,no,Taurus YSO? Danielle got 18 degrees on 09 January 2015. Very clear Double star system at several arcseconds. Young binary? ,Jorge,40,
0,HIP 20171,,Spitzer 3.8 um,82,8.62E+01,B9IV,51.43,5.49,-0.07,64.8587,21.1423,-20,5.57,5.61,5.61,5.69,5.65,5.57,5.54,5.68,5.67,5.41,5.43,0.13,0.06,0.04,0.04,0.02,0.02,0.04,0.03,0.22,4.3,1,,,,,,,,,,,,,,,,,,,1,,,,,,,,,,,,,,1,,0,,no,Revised Spitzer 3.8 um excess: 4.3 sigma ,Jorge,41,
0,HIP 20626,,WISE,64.1,6.47E+01,F5,62.8,7.86,0.43,66.2951,25.7492,-16,6.93,6.75,6.67,6.68,6.66,6.65,6.67,****,0,6.61,6.54,0.07,0.04,0.03,0.18,****,****,0.18,0.18,0.12,0.7,1,1,,,,,,,,,,,,,,,,,,,,,,,,,,,,,,,,1,"okay alignment, okay contrast",0,,no,Observed at Keck Sept 2010.,Jorge,42,
0,HIP 20693,,WISE,50,4.78E+01,F5,95.95,7.36,0.47,66.4889,5.1501,-29,6.41,6.21,6.11,6.167,6.13,6.043,6.06,6.131,6.12,5.778,5.74,0.095,0.049,0.036,0.037,0.016,0.016,0.043,0.03,0.39,6.8,1,,,,,,,,,,1,,,,,,,,,,,,,,,,,,,,,,,1,"okay alignment, 4e-6 contrast",0,,no,WISE FGK star added in Oct 2012 Also a Mizusawa star. ,Jorge,43,
0,HIP 20737,,WISE,37,3.56E+01,G9.5Vk:,86.96,8.77,0.85,66.6608,-28.952,-43,7.25,6.87,6.74,7.809,6.7,6.715,6.74,6.696,6.7,6.334,6.34,0.339,0.039,0.023,0.049,0.016,0.015,0.059,0.04,0.36,6.4,1,,,,,,,,,,,,,,,,,,,1,,,,,,,,,,,,,,1,,0,,no,FGK star added in Oct 2012. HD 28287. Vican: 120-190 Myr. On Debbie's final list.  ,Jorge,44,
0,HIP 20901,,WISE,48.9,4.86E+01,A7 ,106.63,5.08,0.22,67.2094,13.0476,-24,4.79,4.66,4.53,4.56,4.58,4.32,4.04,4.56,4.57,4.3,4.29,0.21,0.01,0.15,0.03,0.01,0.01,0.03,0.02,0.28,5.5,1,,,,,,,,,,1,,,,,,1,,,,,,,,,,,,,,,,,2,"good alignment, clouds are present 10^5 @ 1""",0,,no,"HD 28355. Revised 5.5 sigma excess. 30"" companion B3: reject?  Earlier cuts missed. Dimitri Jan 2013 VLT. Jonas sees a possible companion at 725mas. 3e-04",Jorge,45,
0,HIP 21091,,Vican,59,5.93E+01,G0,40.54,8.69,0.63,67.7961,11.2444,-24,0,0,0,7.165,7.165,7.198,7.198,7.205,7.205,6.845,6.845,0.042,0.042,0.019,0.1,0.019,0.018,0.1,0.09,0.32,3.2,1,,,,,,,,,,,,,,,,,,,1,,,,,,,,,,,,,,1,,0,,no,"Vican: 375-420 Myr. DLP: substantial excess, but large uncertainty. Probably should do it. ",Jorge,46,
0,HIP 21238,,WISE,70,7.44E+01,F0,63.69,6.8,0.4,68.34,43.0319,-3,6.39,6.38,6.32,6.34,6.31,6.3,6.34,6.28,6.27,5.38,5.39,0.07,0.04,0.02,0.03,0.02,0.02,0.03,0.03,0.92,19.6,1,,,,,,,,,,1,,,,,,,,,,,,,,,,,,,,,,,1,"good alignment, clouds are present 6e-6 @ 1""",0,,no,"Close, and has a Huge excess! Added in May 2012",Jorge,47,
0,HIP 21586,,WISE,62,8.17E+01,G8V,300.49,10.43,0.85,69.5326,51.1701,3,8.82,8.41,8.28,8.223,8.22,8.254,8.24,8.176,8.09,7.9,7.56,0.023,0.024,0.02,0.115,0.022,0.019,0.163,0.11,0.66,5.9,1,,,,,,,,,,1,,,,,,,,,,,,,,,,,,,,,,,1,"decent alignment, 1e-5 at 1"", seeing 0.83"".",0,,no,FGK star added in Oct 2012,Jorge,48,
0,HIP 22394,,WISE,49,4.97E+01,K3V,99.39,9.47,1.01,72.3041,24.8028,-13,7.58,7.12,6.96,6.853,6.83,6.927,6.92,6.907,6.89,6.574,6.52,0.053,0.036,0.02,0.067,0.018,0.016,0.082,0.06,0.31,4.4,1,,,,,,,,,,,,,,,,1,,,,,,,,,,,,,,,,,1,,0,,no,FGK star added in Oct 2012,Jorge,49,
0,HIP 23088,,WISE,87.2,1.00E+02,A0V,54.75,5.81,0.02,74.5392,25.0503,-11,5.72,5.78,5.77,5.8,5.72,5.68,5.62,5.85,5.82,5.44,5.48,0.14,0.05,0.04,0.03,0.01,0.01,0.04,0.03,0.24,4.1,1,,,,,,,,,,,,,,,,,,,,,,,,,,,1,,,,,,1,,0,,no,Danielle got 18 degrees on 09 Janury 2015,Jorge,50,
0,HIP 23155,no,WISE Final,46,5.61E+01,M7,162.02,10.76,1.84,74.7237,10.5547,-19,8.93,8.38,8.25,8.2,8.2,8.26,8.26,8.19,8.19,7.65,7.45,0.03,0.03,0.02,0.12,0.02,0.02,0.17,0.1,0.75,7.3,1,,,,,,,,,,,,,,,,,1,,1,,,,,1,,,,,,,,,3,,1,4.3 arcseconds North-ward. 6e-5 contrast,no,"background object. Initial blink check strongly suggests a background object, but careful analysis needed. Candidate can be confirmed by Feb 2014 due to high PM!!  Close+huge excess! Observed Sept/Oct '13. SpT is an estimate ",Jorge,51,
0,HIP 23585,no,Zuckerman,61,6.57E+01,A2,66.55,6.51,0.22,76.0675,45.7794,3,6.09,6.02,5.98,6.018,5.973,5.912,5.894,6.035,6.038,5.833,5.874,0.1,0.05,0.042,0.045,0.017,0.017,0.056,0.04,0.099,1.5,1,,,,,,,,,,,,,,,,,,1,,,,,,,1,,,,,,,,2,"good alignment, good contrast",2,"4.49"", 5.98"" both to the SE. Close to plane, probably bkg",?,Zuck et al. (2012) Tab 1 (Proposed Argus). Also a P1640 star,Jorge,52,
0,HIP 24528,,WISE,74.6,8.20E+01,A3V,13.97,6.81,0.14,78.9328,-22.8943,-31,6.49,6.43,6.43,6.41,6.41,6.37,6.42,6.36,6.32,5.59,5.6,0.08,0.03,0.02,0.04,0.02,0.02,0.05,0.03,0.79,18.6,1,,1,,,,,,,,,,,,,,,,,,,,,,,,,,,,,,,1,alignment not great. Redo?,0,,no,"Observed at Keck, Feb 2011. Also a P1640 star.",Jorge,53,
0,HIP 25197,,Spitzer 3.8 um,103,1.07E+02,A0Vne,57.25,5.25,-0.02,80.866,57.5444,12,5.66,5.16,5.16,5.15,5.17,5.01,4.86,5.15,5.15,4.93,4.92,0.16,0.06,0.07,0.03,0.02,0.02,0.04,0,0.25,4,1,,,,,,,,,,,,,,,,,,,,,,,,,,,1,,,,,,1,,0,,no,Revised Spitzer 3.8 um excess: 4.7 sigma. Danielle got 16 degrees on 09 January. ,Jorge,54,
0,HIP 25453,,WISE,92.2,1.02E+02,A0Vn,34.41,6.41,-0.02,81.6618,6.8686,-15,6.39,6.42,6.44,6.45,6.43,6.44,6.45,6.31,6.27,4.77,4.81,0.08,0.03,0.02,0.03,0.02,0.02,0.03,0,1.61,53.7,1,,1,,,,,,,,,,,,,,,,,,,,,,,,,,,,,,,1,well aligned. No obvious companions,0,,no,"Observed at Keck, Feb 2011. Observed by Dimitri at VLT Jan 2013",Jorge,55,
0,HIP 25517,,WISE,75.5,8.36E+01,A3III+...,33.72,7.3,0.24,81.8534,-26.5851,-29,6.79,6.74,6.7,6.65,6.62,6.63,6.66,6.66,6.62,6.22,6.26,0.07,0.03,0.02,0.04,0.02,0.01,0.05,0.04,0.33,6.6,1,,1,,,,,,,,,,,,,,,,,,,,,,,,,,,,,,,1,pretty nice PCA image for a paper,0,no,no,"Observed at Keck, Feb 2011. Observed by Dimitri at VLT Jan 2013 (P91?)",Jorge,56,
0,HIP 26563,,WISE,44.6,4.32E+01,A4,51.73,4.82,0.14,84.7212,-7.2129,-19,4.69,4.54,4.42,4.45,4.39,4.19,4.02,4.42,4.43,4.16,4.15,0.17,0.01,0.14,0.03,0.02,0.01,0.03,0.02,0.28,11.5,1,,,,,,,,,,1,,,,,,,,,,,,,,,,,,,,,,,1,"Pretty decent alignment despite CLOUDS, 6e-6 at 1"". ",0,,no,"Revised Spizter 3.8 um excess: 5.4 sigma. Old notes: ok, bright background (Sept '12): missed in earlier cuts. ",Jorge,57,
0,HIP 26625,,WISE,80.65,8.96E+01,F0,47.08,7.97,0.33,84.8856,12.0039,-10,7.06,7,6.88,6.88,6.86,6.86,6.87,6.86,6.84,6.41,6.49,0.07,0.04,0.02,0.02,0.02,0.01,0.06,0.06,0.37,5.2,1,,,,1,,,,,,,,,,,,,,,,,,,,,,,,,,,,,1,"observed near dawn, mediocre contrast",0,,no,Observed at Keck Oct 2011,Jorge,58,
0,HIP 27069,,WISE,86.64,8.73E+01,F2,28.63,7.97,0.37,86.1061,-5.4648,-17,7.22,7.05,7.01,6.99,7.02,6.99,6.99,6.95,6.93,6.37,6.43,0.05,0.03,0.02,0.02,0.02,0.02,0.06,0.05,0.59,9.8,1,,,,1,,,,,,,,,,,,,,,,,,,,,,,,,,,,,1,"decent alignment, decent contrast",0,,no,Observed at Keck Oct 2011,Jorge,59,
1,HIP 27713,no,WISE Final,98,9.65E+01,A2Vn,32.21,5.96,0.08,88.0322,-9.0419,-17,5.72,5.68,5.65,5.75,5.72,5.54,5.53,5.72,5.65,5.3,5.28,0.04,0.05,0.05,0.03,0.02,0.01,0.04,0.02,0.44,7.6,1,,,,,,,,,,,,,,,,,,1,,,,,,,1,,,,,,,,2,"good alignment, great contrast",1,"2.00"" (NW) + SW fuzzy obj (bkg gal?). Spurious IR excess?",no,candidate is bkg. Good WISE target. Added in May 2012. Really nice looking candidate!! ,Jorge,60,
0,HIP 28224,,WISE Final,96,9.09E+01,F0V,39.45,7.86,0.38,89.4528,2.0656,-11,7.06,6.95,6.87,6.839,6.839,6.824,6.824,6.849,6.849,6.669,6.669,0.064,0.064,0.02,0.094,0.019,0.017,0.094,0.05,0.17,2.1,1,,,,,,,,,,,,,,,,,,,,,,,,,,1,,,,,,,1,,,,,Observed by Henry on 07 December 2014,Brendan,1,
0,HIP 29510,,WISE Final,98,1.35E+02,F2,38.59,8.37,0.38,93.2526,27.4318,5,7.66,7.53,7.45,7.433,7.433,7.457,7.457,7.451,7.451,7.199,7.199,0.028,0.028,0.02,0.11,0.018,0.017,0.11,0.08,0.234,2.8,,,,,,,,,,,,,,,,,,,,,,,,,,,,1,,,,,,1,,0,no candidates seen,no,Observed on 10 Jan 2015. ,Brendan,2,
0,HIP 29606,,WISE Final,103,1.31E+02,A0,41.05,7.7,0.13,93.585,39.673,10,7.35,7.32,7.3,7.284,7.284,7.318,7.318,7.314,7.314,6.842,6.842,0.029,0.029,0.02,0.079,0.017,0.016,0.079,0.08,0.442,5.2,1,,,,,,,,,,,,,,,,,,,,,,,,,1,,,,,,,,1,,,,no,Observed by Henry on 10 November (not 07 November!) during Andy Boden Keck giveback time. ,Brendan,3,
0,HIP 30088,,WISE,99.1,1.36E+02,B9V,11.78,6.68,-0.03,94.989,-13.993,-13,6.67,6.7,6.7,6.71,6.67,6.71,6.72,6.71,6.68,6,6.03,0.07,0.04,0.02,0.04,0.02,0.02,0.04,0,0.63,15.8,1,,,,1,,,,,,,,,,,,,,,,,,,,,,,,,,,,,1,"solid alignment, good contrast",0,very interesting centrosym structure in ADI image,no,Observed at Keck Oct 2011 B9V,Brendan,4,
0,HIP 31173,,WISE,80,9.09E+01,A3m+...,31.39,5.82,0.17,98.1133,32.4549,11,5.5,5.5,5.48,5.55,5.62,5.42,5.35,5.58,5.58,5.27,5.28,0.15,0.06,0.06,0.04,0.02,0.02,0.04,0.03,0.33,5.1,1,,,,,,,,,,1,,,,,,,,,,,,,,,,,,,,,,,1,"solid alignment, contrast = 3e-6",0,,no,Added in May 2012,Brendan,5,
0,HIP 31552,,Mizusawa,35,3.56E+01,F5,233.39,6.61,0.47,99.0631,58.1068,21,5.68,5.45,5.43,5.475,5.415,5.328,5.19,5.389,5.415,5.288,5.277,0.117,0.064,0.057,0.031,0.013,0.015,0.035,0.03,0.138,2,1,,,,,,,,,,1,,,,,,,,,,,,,,,,,,,,,,,1,"some clouds present, not great contrast: 4e-05 at 1""",0,,no,,Brendan,6,
0,HIP 33227,,WISE Final,86,8.40E+01,F0,66.92,7.66,0.35,103.7107,3.2374,2,7.01,6.84,6.8,6.798,6.798,6.791,6.791,6.812,6.812,6.376,6.376,0.065,0.065,0.021,0.065,0.016,0.015,0.065,0.05,0.422,5.1,1,,,,,,,,,,,,,,,,,,,,,,,,,,,1,,,,,,1,,0,,no,Danielle got 16 degrees on 09 January. ,Brendan,7,
0,HIP 35198,,WISE,35,3.65E+01,G5,127.38,8.49,0.77,109.1056,35.0174,20,7.1,6.78,6.69,6.692,6.68,6.661,6.69,6.641,6.64,6.352,6.36,0.071,0.036,0.022,0.053,0.016,0.015,0.065,0.05,0.32,5.2,1,,,,,,,,,,1,,,,,,,,,,,,,,,,,,,,,,,1,"okay alignment, clouds present, contrast 1.5e-5 @ 1"" ",0,,no,FGK star added in Oct 2012,Brendan,8,
1,HIP 36188,,WISE Final,49,4.91E+01,B8Ve,64.38,2.89,-0.09,111.7877,8.2893,11,3.02,3.07,3.03,3.074,3.074,1.725,1.725,2.546,2.546,1.801,1.801,0.539,0.539,****,0.021,0.011,0.012,0.021,0.01,1.273,2.4,1,,,,,,,,,,,,,,,,,,,,,,,,,1,,,,,,,,1,,,,,,Brendan,9,
0,HIP 38403,,WISE Final,103,1.14E+02,A3,55.62,6.5,0.19,118.0161,45.933,29,6.07,6.04,6.02,6.07,6.01,5.97,5.99,6.03,6.03,5.67,5.67,0.11,0.05,0.04,0.04,0.02,0.02,0.05,0.03,0.34,6,1,,,,,,,,,,,1,,,,,,,,,,,,,,,,1,,,,,,2,,0,,no,Palomar: 27 March 2013 and Keck: 10 January 2015 ,Brendan,10,
0,HIP 38538,,Spitzer 3.8 um,68,7.63E+01,A3V,45.93,4.98,0.1,118.3742,26.7658,25,4.83,4.71,4.66,4.68,4.67,4.43,4.39,4.72,4.7,4.53,4.54,0.22,0.08,0.11,0.03,0.02,0.02,0.03,0,0.13,1.6,1,,,,,,,,,,,,1,,,,,,,,,,,,,,,,,,,,,1,Farisa only got ~12s of integration,0,,no,Upcoming Spitzer 3.8 um obs to validate excess. Observed by Farisa 18 Apr 2013. Also P1640 star.  ,Brendan,11,
1,HIP 39535,,WISE Final,107,1.23E+02,B9V,32.32,6.21,-0.05,121.1888,18.842,24,6.25,6.26,6.28,6.319,6.319,6.206,6.206,6.308,6.308,5.888,5.888,0.085,0.085,0.028,0.047,0.015,0.015,0.047,0.04,0.431,4.6,1,,,,,,,,,,,,,,,,,,,,,,,,,1,,,,,,,,1,,,,,Observed by Henry/Danielle on 07 Nov 2014,Brendan,12,
0,HIP 41319,,Spitzer 3.8 um,44,4.59E+01,F6V,245.14,6.1,0.45,126.4578,17.0463,28,5.18,5.01,4.96,4.99,5.12,4.73,4.63,5.01,5,4.96,4.96,0.19,0.07,0.11,0.03,0.02,0.02,0.04,0.03,0.16,2.2,1,,,,,,,,,,,1,,,,,,,,,,,,,,,,,,,,,,1,"Contrast : ~1e-5 at 1"". Mediocre+variable seeing: 1.2"" ",0,,no,Upcoming Spizter 3.8 micron observations to validate significance of excess. ,Brendan,13,
0,HIP 41967,,Farisa,45,4.54E+01,G5V,,8.26,,128.3141,-29.9566,6,7.05,6.77,6.7,6.7,6.71,6.67,6.71,6.69,6.7,6.42,6.46,0.06,0.03,0.02,0.02,0.02,0.01,0.07,0.05,0.28,,1,,,,,,,,,,,,1,,,,,,,,,,,,,,,,,,,,,1,,0,,no,"Farisa star. HD 72687. final wise star, too.",Brendan,14,
0,HIP 42090,no,Spitzer 3.8 um,108,1.00E+02,A2Vnn,48.16,5.76,0.05,128.6828,36.4196,36,5.59,5.65,5.54,5.6,5.53,5.42,5.4,5.58,5.59,5.35,5.37,0.15,0.06,0.06,0.04,0.01,0.02,0.04,0.03,0.16,4.1,1,,,,,,,,,,,,1,,,,,,,,1,1,1,,,,1,,,,,,60,5,,2,"1: 3e-5 at 2.3"" (NW), 2e-5 at 5.3"" (N) Also: Jonas: 1.1e-03, 170 deg, 320 mas",no,"Sutlieff ruled out both. Innermost companion ruled out by Dimitri. Follow up outer one! Revised SST 3.8 um excess: 4.1 sig. Farisa: 18 Apr 2013, and 09 April 2014 ",Brendan,15,
0,HIP 42197,,WISE,83,7.88E+01,A2,13.27,7.04,0.19,129.0649,42.5799,37,6.58,6.52,6.5,6.55,6.61,6.43,6.54,6.5,6.42,6.08,6.14,0.08,0.03,0.03,0.05,0.02,0.02,0.05,0.04,0.45,9,1,,1,,,,,,,,,,,,,,,,,,,,,,,,,,,,,,,1,good alignment,0,no,no,"Observed at Keck, Feb 2011",Brendan,16,
0,HIP 42353,,WISE,112,1.26E+02,A1,37.86,6.54,-0.01,129.5215,9.5746,28,6.5,6.52,6.53,6.56,6.54,6.52,6.56,6.58,6.58,6.26,6.28,0.08,0.02,0.02,0.06,0.02,0.02,0.07,0.05,0.3,5.7,1,,,,,,,,,,,,,,,,,,1,,,,,,,,,,,,,,,1,"good alignment, good contrast",0,,no,Revised Spitzer 3.8 um excess: 4.0 sigma. Resolved W4?  Added Sept 2012: Earlier cuts missed. ,Brendan,17,
0,HIP 43701,,WISE Final,93,8.51E+01,F5V,51.44,8.61,0.47,133.5021,20.2304,35,7.69,7.47,7.42,7.324,7.324,7.391,7.391,7.419,7.419,7.108,7.108,0.034,0.034,0.02,0.112,0.019,0.018,0.112,0.09,0.216,2.2,1,,,,,,,,,,,,,,,,,,,,,,,,,,,1,,,,,,1,,0,,no,,Brendan,18,
0,HIP 43932,,Project 1640,59,5.90E+01,A7IV,85.06,5.44,0.16,134.2358,32.9104,40,5.31,5.08,5.02,5.032,5.029,4.818,4.716,5.093,5.086,4.972,4.97,0.174,0.066,0.09,0.031,0.013,0.014,0.03,0.03,0.059,0.8,1,,,,,,,,,,1,,,,,,,,,,,,,,,,,,,,,,,1,,0,,no,Observed at Keck by Jon Swift on 28 December 2012 ,Brendan,19,
0,HIP 43970,,WISE,45.7,4.84E+01,A5III,64.46,5.28,0.15,134.3125,15.3229,35,4.91,4.97,4.86,4.89,4.93,4.53,4.37,4.93,4.9,4.59,4.63,0.22,0.06,0.1,0.02,0.02,0.02,0.03,0.02,0.3,5.7,1,,1,,,,,,,,,,,,,,,,,,,,,,,,,,,,,,,1,REALLY good alignment,0,no,no,Revised Spitzer 3.8 um excess: 5.7 sigma. Keck: Feb 2011 A5III. Dimitri: Jan 2013. ,Brendan,20,
0,HIP 44272,,WISE,79,9.11E+01,G0,55.04,9.02,0.53,135.2297,9.0512,33,8.06,7.8,7.74,7.707,7.74,7.751,7.75,7.737,7.73,7.27,7.17,0.028,0.023,0.019,0.092,0.021,0.018,0.127,0.09,0.57,6.1,1,,,,,,,,,,1,,,,,,,,,,,,,,,,,,,,,,,1,"decent alignment, although some clouds",0,,no,FGK star added in Oct 2012,Brendan,21,
0,HIP 44526,,Zuck Private,28,2.74E+01,K2V,112,,,136.0862,-15.914,20,,,,6.34,6.31,6.32,6.4,6.39,6.38,6.22,6.22,0.09,0.04,0.02,0.05,0.02,0.02,0.06,0,0.1,,1,,,,,,,,,,1,,,,,,,,,,,,,,,,,,,,,,,1,"Clouds in Dec 2012, star lost. 2e-5 contrast. ",0,,no,"Octans member. ~100 Myr, close! Observed: 12/5  12/7 (2nd night better). Brandt: 2 bkg objects (~7"") ",Brendan,22,
1,HIP 45167,,WISE Final,99,1.16E+02,A0V,51.62,6.14,0,138.0537,3.867,32,6.14,6.16,6.12,6.109,6.109,6.036,6.036,6.101,6.101,5.461,5.461,0.095,0.095,0.036,0.036,0.015,0.015,0.036,0.03,0.648,6.5,1,,,,,,,,,,,,,,,,,,,,,,,,,,1,,,,,1,,2,,1,Very wide separaition ,no,Fuck! This appears twice in spreadsheet and is HD 79108.  Should never have reobserved! Observed by Brendan during Keck giveback time on 04 December 2014. Re-observed by Henry on 24 Nov 2016. ,Brendan,23,
0,HIP 45497,,Spitzer 3.8 um,89,9.99E+01,G5,48.53,7.91,0.84,139.0574,48.9531,44,6.38,6,5.85,5.98,5.88,5.77,5.79,5.86,5.85,5.73,5.72,0.12,0.05,0.04,0.04,0.01,0.01,0.04,0.03,0.16,2.7,1,,,,,,,,,,,1,,,,,,,,1,,,,,,,,,,,,,,2,,1,"Jonas: 7.5e-03, 1.9"" ~240 deg, probably stellar mass or bkg",yes,HD 79494. Observed at Palomar 27 March 2013. Observed at Keck December 2013. ,Brendan,24,
0,HIP 45950,,Vican,73,7.19E+01,G0,135.27,8.51,0.55,140.5738,6.2976,36,7.48,7.3,7.21,7.114,7.114,7.186,7.186,7.195,7.195,6.925,6.925,0.039,0.039,0.02,0.091,0.017,0.016,0.091,0.07,0.189,,1,,,,,,,,,,,,,,,,,,,,1,,,,,,,,,,,,,1,"400mas mask. Good alignment: 2-3e-6 @ 1""",0,,no,Vican: 640 - 810 Myr. ,Brendan,25,
0,HIP 46843,yes,Spitzer 3.8 um,17,1.81E+01,K0V,287.7,7.01,0.77,143.1823,26.9885,46,5.58,5.24,5.12,5.12,5.15,4.95,4.9,5.14,5.14,4.96,4.97,0.18,0.06,0.08,0.03,0.02,0.01,0.03,0.02,0.18,2.7,1,,,,,,,,,,,1,,,,,,,,,,,,,,,,1,,,,,,2,"good alignment, contrast 1e-5 at 1""",1,"3.25"" due S,15 sig detection, 4e-5=11 mag, 40-60 Mjup",no,"Sutlieff: bkg object. Obvious. Upcoming Spitzer. Brandt reports 4"" bkg object. Ours is 3.25"" Danielle got 17 deg 09 Jan 2015: Look for inner companions!   ",Brendan,26,
0,HIP 46897,,WISE,80.3,8.49E+01,B9.5V,88.74,5.93,0.02,143.3584,-22.8637,21,5.83,5.81,5.8,5.87,5.82,5.72,5.71,5.85,5.83,5.51,5.55,0.11,0.05,0.04,0.03,0.01,0.01,0.03,0.03,0.26,4.5,1,,,,,,,,,,,,1,,,,,,,,,1,,,,,,,,,,,,2,,0,"6-7 sigma, 8.5e-03, 165mas, 30deg",no,Observed by Farisa 18 Apr 2013. *Single 2004 VLT obs* ,Brendan,27,
0,HIP 47307,,WISE,30,29.88047091,M1,858.32,11.88,1.44,144.5997,2.6767,38,9.03,8.43,8.28,8.09,8.09,7.99,8.01,7.95,7.97,7.42,7.51,0.02,0.02,0.02,0.15,0.02,0.02,0.15,0.15,0.58,3.9,1,,,,,,,,,,,,1,,,,,,,,,,,,,,,,,,,,,1,good contrast! ,0,,no,3.7 to 4.0 sigma object added in Feb 2013. Observed at Keck 30 April 2013,Brendan,28,
0,HIP 48212,,Spitzer 3.8 um,75,8.32E+01,A5,69.88,6.82,0.21,147.4445,31.077,50,6.34,6.3,6.25,6.28,6.25,6.16,6.26,6.29,6.29,6.06,6.05,0.09,0.05,0.03,0.05,0.02,0.01,0.05,0.04,0.2,3.3,1,,,,,,,,,,,1,,,,,,,,,,,,,,,,,,,,,,1,"seeing=1.5""",0,,no,Upcoming Spizter 3.8 micron observations to validate significance of excess. ,Brendan,29,
0,HIP 48341,,WISE,63.6,6.52E+01,A8III,30.37,6.07,0.17,147.8085,-4.2434,36,5.73,5.68,5.64,5.62,5.6,5.46,5.45,5.67,5.67,5.39,5.4,0.17,0.02,0.05,0.04,0.02,0.02,0.04,0.03,0.27,4.6,1,,,,,,,,,,1,,,,,,,,,,,,,,,,,,,,,,,1,"losing star due to clouds, 1e-05 at 1""",0,,no,Revised Spitzer 3.8 um excess: 4.6 sigma.  Added Sept 2012: Earlier cuts missed. ,Brendan,30,
0,HIP 48423,,Vican,32,3.32E+01,G5V,225.81,7.73,0.72,148.0699,49.1908,49,6.47,6.14,6.09,6.147,6.147,5.973,5.973,6.085,6.085,5.688,5.688,0.088,0.088,0.033,0.047,0.014,0.014,0.047,0.03,0.459,,1,,,,,,,,,,,,,,,,,,,,1,,,,,,,,,,,,,1,,0,,no,Vican: 490-720 Myr,Brendan,31,
0,HIP 48541,,WISE Final,107,1.10E+02,A0,39.08,7.58,0.17,148.4965,27.6955,50,7.22,7.2,7.19,7.095,7.095,7.164,7.164,7.103,7.103,6.071,6.071,0.049,0.049,0.02,0.046,0.017,0.016,0.046,0.04,1.024,16.2,1,,,,,,,,,,,,,,,,,,,,,,,,,,,,1,,,,,1,Data not good due to clouds. Reobserve? ,0,,no?,Huge Excess. Attempted with Clouds Feb 2015. On GPI LP list. Previous Bmac not high contrast. ,Brendan,32,
0,HIP 49530,,Spitzer 3.8 um,109,1.24E+02,K1III,37.52,6.19,0.92,151.6976,5.6115,45,4.76,4.15,4.11,3.97,4.15,3.82,3.65,4.04,4.02,3.97,3.98,0.4,0.1,0.22,0.03,0.02,0.01,0.03,0.02,0.17,1.7,1,,,,,,,,,,,,1,,,,,,,,,,,,,,,,,,,,,1,Star was not behind mask at all,0,,no,Upcoming Spitzer 3.8 um obs to validate photosphere. Observed by Farisa 18 Apr 2013 ,Brendan,33,
0,HIP 49593,,WISE,28.2,2.70E+01,A7V,52.9,4.54,0.19,151.8576,35.2449,54,4.27,4.05,4,4.01,4.08,3.78,3.59,4.04,4.06,3.8,3.8,0.39,0.02,0.19,0.03,0.02,0.02,0.03,0.02,0.26,10.4,1,,,,,,,,,,1,,,,,,,,,,,,,,,,,,,,,,,1,"pretty good alignment, 7e-6 at 1"". some clouds",0,,no,ok.  Added Sept 2012: missed in earlier cuts,Brendan,34,
0,HIP 49809,,Mizusawa,27,2.78E+01,F3V,164.97,5.3,0.33,152.5245,-12.8159,34,4.76,4.46,4.4,4.385,4.428,4.188,3.886,4.409,4.417,4.232,4.245,0.315,0.089,0.128,0.022,0.014,0.014,0.024,0.02,0.183,2,1,,,,,,,,,,1,,,,,,,,,,,,,,,,,,,,,,,1,"some clouds present. Good alignment, 3e-5 at 1""",0,,no,HD 88215. Janson paper. Subaru contrast is much better than us. Likely due to clouds?  ,Brendan,35,
0,HIP 50155,,WISE 3s,53,5.48E+01,G5,149.97,9.38,0.95,153.5802,15.0722,52,7.86,7.49,7.38,7.3,7.35,7.41,7.43,7.39,7.38,7.23,7.08,0.03,0.03,0.02,0.09,0.02,0.02,0.1,0.08,0.28,3.3,1,,,,,,,,,,,,1,,,,,,,,,,,,,,,,,,,,,1,,0,,no,,Brendan,36,
0,HIP 50658,,WISE Final,106,1.02E+02,A2,47.47,7,0,155.1845,-5.3821,41,6.74,6.75,6.72,6.68,6.68,6.67,6.7,6.71,6.71,6.38,6.38,0.07,0.04,0.02,0.06,0.02,0.02,0.07,0.05,0.3,4.8,1,,,,,,,,,,,,,,,,,,,,,,,,,,,1,,,,,,1,,0,,no,Added in May 2012,Brendan,37,
0,HIP 50860,,Project 1640,74,7.58E+01,A6V,13.49,5.9,0.14,155.7764,33.9081,58,5.58,5.57,5.51,5.496,5.442,5.334,5.312,5.525,5.52,5.329,5.338,0.207,0.072,0.062,0.034,0.015,0.015,0.038,0.03,0.104,1.3,1,,,,,,,,,,1,,,,,,,,,,,,,,,,,,,,,,,1,"Really solid alignment. Contrast 2e-6 at 1""",0,,no,Observed at Keck by Jon Swift on 28 December 2012 ,Brendan,38,
0,HIP 52120,,Spitzer 3.8 um,52,5.17E+01,F5V,61.05,6.61,0.35,159.7272,16.1274,57,5.76,5.63,5.55,5.56,5.63,5.38,5.39,5.6,5.59,5.51,5.49,0.13,0.06,0.07,0.03,0.02,0.02,0.03,0.03,0.14,2.2,1,,,,,,,,,,,,1,,,,,,,,,,,,,,,,,,,,,1,alignment very difficult. Used shift/subtract. ,0,,no,Upcoming Spitzer 3.8 um obs to validate photosphere. Observed by Farisa 18 Apr 2013 ,Brendan,39,
0,HIP 53824,,WISE,46.4,4.67E+01,A5III,57.62,5.04,0.17,165.1866,6.1014,56,4.86,4.7,4.61,4.581,4.59,4.297,4.15,4.297,4.6,4.297,4.26,0.301,0.02,0.153,0.03,0.015,0.02,0.03,0.03,0.34,7.5,1,,1,,,,,,,,,,,,,,,,,,,1,,,,,,,,,,,,2,pretty well aligned,0,,no,Revised Spitzer 3.8 um excess: 7.5 sigma. Keck: Feb '11 (re-added Sept 2012: Earlier cuts missed),Brendan,40,
0,HIP 53824,no,WISE Final,46,4.67E+01,A5III,57.62,5,0.15,165.1867,6.1014,56,4.86,4.7,4.61,4.581,4.581,4.297,4.297,4.297,4.607,4.297,4.251,0.301,0.301,0.153,0.03,0.015,0.015,0.03,0.029,0.33,1.1,1,,,,,,,,,,,,,,,,,,,,,1,,,,,,,,,,,,1,,0,,no,,Brendan,41,
0,HIP 53954,yes,WISE Final,38.9,3.80E+01,A1m,40.02,4.43,0.05,165.5825,20.18,64,4.32,4.32,4.32,4.42,4.34,4.01,3.59,4.33,4.26,3.85,3.82,0.29,0.07,0.17,0.02,0.02,0.02,0.02,0.04,0.52,6.4,1,,1,,,,,,,,1,,,,,,,,,,,,,,,,,1,,,,,160,3,only got a few degrees,0,PA: 245deg .92 arcsec. Probably a speckle,no,"Observed at Keck, Feb 2011. This is a GPI target!! ",Brendan,42,
0,HIP 53985,,WISE 3s,11,1.19E+01,dM2e,151.4,9.57,1.48,165.6598,21.9671,65,6.52,5.9,5.69,5.65,5.65,5.39,5.42,5.51,5.52,5.42,5.43,0.13,0.05,0.05,0.03,0.01,0.01,0.04,0.03,0.22,3.4,1,,,,,,,,,,,,1,,,,,,,,,,,,,,,,,,,,,1,,0,Super good contrast. ,no,,Brendan,43,
0,HIP 54778,,WISE 3s,92,1.06E+02,G5,130.34,9.26,0.64,168.2181,29.5382,68,8.25,7.99,7.91,7.86,7.86,7.94,7.91,7.91,7.92,7.52,7.47,0.03,0.02,0.02,0.11,0.02,0.02,0.16,0.11,0.39,3.4,1,,,,,,,,,,,,,,,,,,,1,,,,,,,,,,,,,,1,,0,,no,,Brendan,44,
0,HIP 55485,,WISE,80.8,8.63E+01,A7Vn,58.17,6.48,0.16,170.4551,57.075,56,6.08,6.02,5.99,6.02,6.03,5.91,5.95,6,5.96,5.56,5.61,0.12,0.04,0.04,0.04,0.02,0.02,0.04,0.04,0.4,7.4,1,,1,,,,,,,,,,,,,,,,,,,,,,,,,,,,,,,1,some clouds,0,,no,Observed at Keck Feb 2011.  Spitzer/Morales (HD 98673) or is this a new WISE target?,Brendan,45,
0,HIP 55570,no,WISE Final,110,1.11E+02,A7V,54.22,7.49,0.2,170.7376,-20.6255,38,7.13,7.09,7.04,6.93,7,7.03,7.02,7.01,7.01,6.45,6.54,0.06,0.04,0.02,0.07,0.02,0.02,0.07,0.07,0.46,5.8,1,,,,,,1,,,,,,1,,,,,,,,,,1,,,,,,,,,,110,3,"okay contrast, okay alignment, good PCA image ",1,"PA: 132 deg EoN, 4.3 arcsec, contrast: 8e-6 (bad quad)  ",no,"Candidate moves ~50mas over two years, but ~100mas is expected. ",Brendan,46,
0,HIP 55700,,WISE,73.6,8.19E+01,A7II/III,17,7.48,0.27,171.1978,-22.8327,36,6.86,6.81,6.69,6.66,6.65,6.63,6.67,6.69,6.69,6.4,6.41,0.07,0.02,0.02,0.05,0.02,0.02,0.06,0.05,0.28,4.7,1,,1,,,,,,,,,,,,,,,,,,,,,,,,,,,,,,,1,"okay alignment, excellent contrast",0,,no,Revised Spitzer 3.8 um excess: 4.7 sigma. Keck: Feb '11 DLP: Extended W4.  (re-added Sept 2012) ,Brendan,47,
0,HIP 55765,,Spitzer 3.8 um,43,4.72E+01,F2V,142.32,5.59,0.34,171.4016,16.4565,67,4.82,4.72,4.62,4.59,4.588,4.348,4.182,4.6,4.598,4.479,4.475,0.303,0.091,0.153,0.023,0.014,0.014,0.025,0.023,0.113,1.2,1,,,,,,,,,,1,,1,,,,,,,,,,,,,,,,,,,,,2,"Really good alignment. 3e-06 contrast at 1"" ",0,,no,Spitzer 3.8 um. Jon Swift obs on 28 Dec 2012. Also accidentally by Farisa 18 Apr 2013,Brendan,48,
0,HIP 56238,,WISE 3s,15,15.82503176,M0.5,583.68,10.27,1.47,172.9308,22.6671,71,7.17,6.55,6.32,6.24,6.24,6.04,6.15,6.12,6.12,5.96,6,0.09,0.04,0.03,0.05,0.02,0.02,0.05,0.05,0.24,3.8,1,,,,,,,,,,,,1,,,,,,,,,,,,,,,,,,,,,1,variable seeging ,0,,no,"Repeat! Observed by Farisa on 19 April 2013, as well as you on 1 May 2013. Too bad. ",Brendan,49,
0,HIP 57802,,WISE 3s,8,8.761355307,M1.0V,372.26,9.72,1.58,177.7806,35.272,75,6.42,5.83,5.61,5.46,5.49,5.2,5.13,5.35,5.34,5.26,5.27,0.16,0.06,0.06,0.03,0.02,0.02,0.03,0.03,0.23,3.4,1,,,,,,,,,,,,1,,,,,,,,,,,,,,,,,,,,,1,Extremely good seeing. Great contrast,0,,no,,Brendan,50,
0,HIP 58321,,WISE 3s,24,25.25905753,M2.5,724.48,11.81,1.46,179.3867,11.8277,70,8.43,7.79,7.57,7.39,7.43,7.39,7.39,7.31,7.32,7.18,7.12,0.03,0.02,0.02,0.09,0.02,0.02,0.12,0.09,0.31,3.4,1,,,,,,,,,,,,1,,,,,,,,,,,,,,,,,,,,,1,,0,,no,,Brendan,51,
0,HIP 58369,,Project 1640,47,47.57871899,A9V,125.1,6.43,0.29,179.5299,32.2739,77,0,0,0,5.527,5.767,5.269,5.441,5.555,5.676,5.459,5.556,0.122,0.07,0.064,0.059,0.014,0.019,0.035,0.059,0.211,2.3,1,,,,,,,,,,1,,,,,,,,,,,,,,,,,,,,,,,1,"Really solid alignment. Contrast 2e-6 at 1"" ",0,,no,Observed at Keck by Jon Swift on 28 December 2012 ,Brendan,52,
0,HIP 58851,,WISE,112,1.21E+02,Am,124.9,7.69,0.19,181.0536,1.462,62,7.28,7.26,7.2,7.07,7.18,7.2,7.19,7.21,7.21,6.78,6.84,0.04,0.03,0.02,0.08,0.02,0.02,0.09,0.08,0.34,4.1,1,,,,,,1,,,,,,,,,,,,,,,,,,,,,,,,,,,1,"good contrast, beautiful post PCA image for papers",0,,no,Observed at Keck June 2012,Brendan,53,
0,HIP 59394,,Zuckerman,58,5.88E+01,A1V,69.3,5.47,0.05,182.766,-23.6024,38,5.34,5.36,5.32,5.372,5.316,5.069,5.107,5.059,5.324,4.859,4.857,0.047,0.065,0.034,0.027,0.015,0.015,0.029,0.027,0.459,6.5,1,,,,,,1,,,,,,,,,,,,,,,,,,,,,,,,,,,1,"good alignment, very good contrast",0,,no,Zuckerman et al. (2012) Tables 2  3 (Proposed Tuc/Hor  Columba Member),Brendan,54,
1,HIP 59422,,Project 1640,49,4.82E+01,F5,118.43,6.94,0.42,182.8408,-3.7789,58,6.14,5.96,5.91,5.879,5.821,5.806,5.824,5.923,5.929,5.521,5.52,0.125,0.055,0.045,0.04,0.014,0.015,0.045,0.04,0.301,4.4,1,,,,,,,,,,,,,1,,,,,,,,1,,,,,,,,,,,,2,"good alignment, contrast= 6e-6 at 1""",0,,no,Farisa observed 09 April 2014,Brendan,55,
1,HIP 59422,yes,WISE Final,49,4.82E+01,F5,118.43,6.94,0.42,182.8408,-3.7789,57,6.14,5.96,5.91,5.879,5.879,5.806,5.806,5.923,5.923,5.521,5.521,0.125,0.125,0.045,0.045,0.014,0.015,0.045,0.04,0.358,2.7,1,,,,,,,,,,,,,,,,,,,,,1,,,,,,,,,,,,1,,0,,no,,Brendan,56,
0,HIP 59445,no,WISE 3s,86,1.08E+02,G,68.47,9.59,0.64,182.8937,36.0963,78,8.48,8.18,8.12,8.04,8.04,8.08,8.06,8.06,8.07,7.64,7.64,0.02,0.02,0.02,0.12,0.02,0.02,0.14,0.12,0.4,3.2,1,,,,,,,,,,,,,,1,,,,,,,,,,,,,,,,,,,1,"contrast: 1e-5 at 1""",1,"marginal: .31"" NE: 3e-05 contrast",yes,Not a star in Karl's final list,Brendan,57,
0,HIP 59608,,WISE,50.2,5.13E+01,A2m,93.77,5.92,0.26,183.3579,10.2623,71,5.41,5.33,5.24,5.26,5.25,5.06,5.03,5.27,5.26,4.99,4.99,0.19,0.01,0.06,0.03,0.01,0.01,0.03,0.03,0.27,5.5,1,,1,,,,,,,,,,,,,,,,,,,,,,,,,,,,,,,1,Good alignment ,0,,no,Revised Spitzer 3.8 um excess: 5.5 sigma. DLP: ok.  (re-added Sept '12: Earlier cuts missed),Brendan,58,
0,HIP 59608,yes,WISE Final,50,5.13E+01,A2m,93.77,5.85,0.25,183.3581,10.2623,70,5.41,5.32,5.24,5.255,5.255,5.059,5.059,5.265,5.265,4.986,4.986,0.187,0.187,0.063,0.034,0.014,0.014,0.034,0.032,0.269,1.4,1,,1,,,,,,,,,,,,,,,,,,,,,,,,,,,,,,,1,,,,,,Brendan,59,
0,HIP 59893,,WISE,68,7.60E+01,K2,255.89,10.09,0.88,184.2622,-4.2509,58,8.51,8.06,7.99,7.91,7.91,7.95,7.96,7.91,7.91,7.61,7.43,0.03,0.02,0.02,0.12,0.02,0.02,0.17,0.12,0.49,4,1,,,,,,,,,,,,1,,,,,,,,,,,,,,,,,,,,,1,good seeing,0,,no,3.7 to 4.0 sigma object added in Feb 2013. Observed 30 April 2013,Brendan,60,
0,HIP 60074,,WISE Final,27,2.75E+01,G2V,229.14,7.01,0.6,184.7771,16.5483,77,5.87,5.61,5.54,5.522,5.522,5.357,5.357,5.54,5.54,5.182,5.182,0.151,0.151,0.057,0.032,0.016,0.015,0.032,0.03,0.34,,1,,,,,,,,,,,,,,,,,,,,,,,,,,,,,1,,,,1,Alignmnet is very hard. ,0,,no,"Observed 05 June, Padgett half night. HD 107146. Transition disk? Vican: 180-270 Myr. RayJay 2008. ",Alexis,1,
0,HIP 60303,,Spitzer 3.8 um,15,15.95000728,K5,546.14,9.37,1.42,185.4753,42.1339,74,6.74,6.09,5.96,5.88,5.93,5.77,5.82,5.84,5.85,5.74,5.73,0.11,0.05,0.05,0.03,0.02,0.02,0.04,0.03,0.2,3.2,1,,,,,,,,,,,,1,,,,,,,,,,,,,,,,,,,,,1,good contrast despite only 11 degrees,0,,no,Upcoming Spizter 3.8 micron observations to validate significance of excess. ,Alexis,2,
0,HIP 61094,,Spitzer 3.8 um,13,1.36E+01,K7,822.12,9.66,1.47,187.8159,8.8106,71,6.78,6.09,5.89,5.9,5.83,5.68,5.7,5.77,5.77,5.69,5.67,0.1,0.05,0.05,0.04,0.02,0.02,0.05,0.04,0.16,2.4,1,,,,,,,,,,,,1,,,,,,,,,,,,,,,,,,,,,1,good contrast.,0,,no,"LHS 2570. Obs by Farisa 18 Apr 2013.  Binary? No, not a binary star!  ",Alexis,3,
0,HIP 61240,no,WISE Final,104,1.04E+02,F0,100.66,8.32,0.35,188.2453,-0.2735,62,7.5,7.37,7.26,7.153,7.153,7.247,7.247,7.274,7.274,6.998,6.998,0.044,0.044,0.02,0.096,0.017,0.017,0.096,0.08,0.155,1.7,1,,,,,,,,,,,,,,,,,,,,,1,,,,,,,,,,,,1,,0,,no,Farisa observed on 09 April 2014 ,Alexis,4,
0,HIP 61558,,WISE,69,7.14E+01,A3V,34.68,5.91,0.07,189.1973,-5.8319,57,5.78,5.77,5.7,5.71,5.72,5.63,5.63,5.72,5.68,5.18,5.2,0.16,0.05,0.05,0.03,0.02,0.02,0.04,0.04,0.51,8.3,1,,,,,,1,,,,,,,,,,,,,,,,,,,,,,,,,,,1,"good alignment, good contrast",0,,no,Observed at Keck Jun 2012. Single 2006 VLT Obs*,Alexis,5,
1,HIP 62492,,WISE,67.9,69.94572212,F6,78,8.02,0.45,192.0917,30.7672,86,7.1,6.91,6.87,6.83,6.83,6.83,6.86,6.87,6.87,6.48,6.5,0.07,0.04,0.02,0.05,0.02,0.02,0.07,0.05,0.33,5.1,1,,1,,,,,,,,,,,,,,,,,,,,,,,,,,,,,,,1,"Very good alignment, good contrast",0,,no,Observed at Keck Feb 2011  Palomar June 2012  F6 star. FGK star re-added in Oct '12,Alexis,6,
1,HIP 62492,yes,WISE Final,67,69.94572212,F6,78,8.02,0.45,192.0918,30.7672,86,7.09,6.91,6.87,6.83,6.827,6.83,6.829,6.87,6.867,6.48,6.481,0.07,0.065,0.02,0.066,0.02,0.015,0.07,0.054,0.346,4.1,1,,,,,,,,,,,,,,,,,,,,,1,,,,,,,,,,,,1,,0,,no,Farisa observed on 09 April 2014 ,Alexis,7,
0,HIP 62576,,WISE,92.9,8.46E+01,A2V,94.34,5.78,0.05,192.3225,27.5525,89,5.59,5.62,5.62,5.72,5.74,5.5,5.47,5.66,5.63,5.26,5.3,0.13,0.05,0.06,0.03,0.02,0.02,0.04,0.03,0.43,7.2,1,,,,,,1,,,,,,,,,,,,,,,,,,,,,,,,,,,1,"okay alignment, good contrast",0,,no,Observed at Keck June 2012,Alexis,8,
0,HIP 62687,,Spitzer 3.8 um,10,10.65166723,K7,398.8,8.47,1.42,192.6815,-0.7681,62,5.75,5.22,4.88,4.85,4.89,4.75,4.63,4.84,4.84,4.74,4.75,0.24,0.07,0.11,0.03,0.02,0.02,0.03,0.03,0.14,1.8,1,,,,,,,,,,,,1,,,,,,,,,,,,,,,,,,,,,1,,0,,no,Upcoming Spitzer 3.8 um obs to validate photosphere. Observed by Farisa 18 Apr 2013 ,Alexis,9,
0,HIP 63286,,WISE,61,59.66765118,F2V,122.45,7.03,0.34,194.5405,-23.0552,40,6.26,6.14,6.09,6.08,6.08,5.98,6,6.04,6.07,5.81,5.78,0.08,0.04,0.04,0.04,0.02,0.02,0.04,0.04,0.31,4.8,1,,1,,,,,,,,,,,,,,,,,,,,,,,,,,,,,,,1,Really good contrast,0,,no,Revised Spitzer 3.8 um excess: 4.8 sigma. Keck: Feb 2011. KRS has note about X-rays,Alexis,10,
0,HIP 63584,,Moor,37,36.21784308,F6,175,,,195.4455,63.6102,53,,,5.01,4.98,5.03,4.76,4.66,5.03,5.02,4.91,4.92,0.22,0.07,0.1,0.04,0.02,0.01,0.03,0.03,,,1,,,,,,,,,,,,,,,,,,,,,,,,,,,1,,,,,,0,,0,,no,HD 113337. This is a 40 Myr old star from Moor et al. (2011) observed by Henry/Danielle at Caltech,Alexis,11,
0,HIP 63742,,Zuckerman,21,20.45705144,G5V,290.47,7.68,0.88,195.9569,-5.1618,58,6.05,5.67,5.51,5.44,5.396,5.321,5.316,5.478,5.481,5.396,5.425,0.201,0.073,0.057,0.034,0.015,0.014,0.036,0.034,-0.029,-0.4,1,,,,,,,,,,,,,1,,,,,,,,,,,,,,,,,,,,1,"Alignment good. 12-13 degrees. Good seeing. 2e-6 @ 1""",0,,no,Zuck et al ('11) Fig 2 (AB Dor Dusty). Nothing seen.Malo AB Dor. Why so much VLT coverage? ,Alexis,12,
0,HIP 65011,,Spitzer 3.8 um,13,1.34E+01,M0.5,869.05,9.62,1.77,199.89,35.1102,80,6.38,5.79,5.56,5.23,5.4,5.16,5.19,5.33,5.31,5.18,5.2,0.17,0.06,0.07,0.03,0.02,0.01,0.03,0.03,0.2,2.9,1,,,,,,,,,,,,1,,,,,,,,,,,,,,,,,,,,,1,,0,,no,Upcoming Spitzer 3.8 um obs to validate photosphere. Observed by Farisa 18 Apr 2013 ,Alexis,13,
0,HIP 65135,,Spitzer 3.8 um,48,42.57003836,F2,149.99,6.52,0.38,200.2125,43.9902,72,5.6,5.46,5.4,5.56,5.52,5.26,5.24,5.43,5.42,5.36,5.37,0.14,0.06,0.06,0.03,0.02,0.01,0.03,0.03,0.15,2.3,1,,,,,,,,,,,1,,1,,,,,,,,,,,,,,,,,,,,2,"6e-6 contrast at 1""",0,,no,Spizter 3.8 um obs for validation. Accidentally re-observed May 2013. P1640 star. ,Alexis,14,
0,HIP 65678,,Spitzer 3.8 um,97,101.6725128,F0,104.54,6.35,0.23,201.9985,52.7456,63,5.82,5.63,5.65,5.75,5.7,5.6,5.58,5.7,5.69,5.48,5.5,0.14,0.06,0.05,0.03,0.02,0.02,0.03,0.03,0.2,3,1,,,,,,,,,,,,,,1,,,,,,,,,,,,,,,,,,,1,"rock solid alignment, 3e-6 contrast at 1""",0,,no,Upcoming Spizter 3.8 micron observations to validate significance of excess. ,Alexis,15,
0,HIP 65728,,Spitzer 3.8 um,71,73.1427234,A1Vn,86.01,5.4,-0.01,202.1129,59.9458,57,5.43,5.46,5.43,5.39,5.48,5.29,5.28,5.49,5.49,5.29,5.29,0.17,0.06,0.07,0.03,0.02,0.02,0.03,0.03,0.19,4,1,,,,,,,,,,,,,,1,,,,,,,,,,,,,,,,,,,1,5e-6 at one arcsecond. Good alignment. ,0,,no,Revised Spitzer 3.8 um excess: 4.0 sigma. Observed 22 June.,Alexis,16,
0,HIP 66459,no,Spitzer 3.8 um,10,1.10E+01,K5,324.86,9.07,1.4,204.3699,35.7178,77,6.26,5.66,5.49,5.36,5.4,5.18,5.13,5.31,5.3,5.22,5.23,0.2,0.06,0.07,0.03,0.02,0.02,0.03,0.03,0.17,2.5,1,,,,,,,,,,,,1,,,,,,,,,,,,,,,,,,,,,1,,1,0.285 arcsec. Contrast: 8e-5. L-band would be great! ,yes? ,"Initially saw something at 280mas. However, re-reduction with new pipeline shows nothing. Excess not validated",Alexis,17,
0,HIP 66625,,Spitzer 3.8 um,13,13.36807487,M2.0V,392.31,10.26,1.24,204.8504,46.1865,69,7.05,6.51,6.28,6.16,6.14,5.96,6,6.01,6.01,5.9,5.92,0.1,0.05,0.04,0.04,0.02,0.02,0.05,0.04,0.22,3.4,1,,,,,,,,,,,,1,,,,,,,,,,,,,,,,,,,,,1,,0,,no,Upcoming Spizter 3.8 micron observations to validate significance of excess. ,Alexis,18,
0,HIP 66704,,Zuck Private,25,2.55E+01,F7.7V,137.6,6.3,,205.0968,50,65,,,5.02,4.75,4.92,4.68,4.67,5.02,5,4.91,4.93,0.23,0.07,0.09,0.04,0.02,0.02,0.03,0.02,-0.01,,1,,,,,,,,,,,1,,,,,,,,,,,,,,,,,,,,,,1,difficult centering due to 300 mak,0,,no,Octans member. ,Alexis,19,
0,HIP 66837,,WISE Final,77,8.12E+01,F0V,56.31,7.56,0.33,205.4699,-18.9848,42,6.89,6.77,6.71,6.698,6.698,6.661,6.661,6.675,6.675,6.08,6.08,0.07,0.07,0.022,0.048,0.016,0.015,0.048,0.041,0.618,7.6,1,,,,,,,,,,,,,,,,,,,,,,,,,,,,1,,,,,1,,0,,no,Observed by Debbie during NASA half Keck night. low declination. ,Alexis,20,
0,HIP 67005,no,WISE Final,96,9.34E+01,A1V,19.34,6.04,,205.9782,52.0644,63,5.95,6,5.99,6.02,6.03,5.93,5.97,6.02,6,5.64,5.69,0.11,0.05,0.04,0.03,0.02,0.02,0.04,0.03,0.33,5.4,1,,1,,,,,,,,,,1,,1,,,,,,,,,,,,,,,,,,50,3,"Really good alignment, Great contrast!",1,"maybe something at 0.75"", PA=292 EoN,  1.5e-06",no,"Vican: 900-1700 Myr. Observed at Keck, Feb 2011",Alexis,21,
0,HIP 67495,,WISE,106,105.2022513,A2,53.88,6.66,0.19,207.4683,13.192,70,6.27,6.25,6.22,6.22,6.2,6.15,6.18,6.22,6.22,5.85,5.86,0.08,0.05,0.03,0.04,0.02,0.02,0.04,0.04,0.34,5.8,1,,,,,,1,,,,,,,,,,,,,,,,,,,,,,,,,,,1,"solid alignment, good contrast",0,,no,Observed at Keck June 2012,Alexis,22,
0,HIP 67581,,WISE Final,119,1.23E+02,A2,16.15,7.67,0.16,207.7157,42.1552,70,7.3,7.26,7.25,7.173,7.173,7.268,7.268,7.263,7.263,6.943,6.943,0.035,0.035,0.02,0.078,0.016,0.015,0.078,0.061,0.23,3.3,1,,,,,,,,,,,,,,,,,,,,,,,,,,,,,1,,,,1,,0,"No candidates, but some possible disk structure? ",no? ,Observed on 05 June 2015 during Padgett half night. ,Alexis,23,
0,HIP 67596,,WISE,89.1,9.20E+01,A5IV,34.1,6.68,0.12,207.7691,34.7725,75,6.37,6.38,6.35,6.39,6.46,6.27,6.36,6.38,6.35,5.99,6.01,0.08,0.04,0.03,0.04,0.02,0.02,0.04,0.04,0.45,8,1,,1,,,,,,,,,,,,,,,,,,,,,,,,,,,,,,,1,"decent alignment, but variable seeing? ",0,,no,"Observed at Keck, Feb 2011",Alexis,24,
0,HIP 67782,,Spitzer 3.8 um,65,7.37E+01,A7V,125.67,5.91,0.19,208.2928,28.6481,76,5.54,5.5,5.47,5.49,5.46,5.27,5.26,5.53,5.47,5.31,5.31,0.08,0.06,0.05,0.03,0.02,0.02,0.03,0.03,0.15,2.2,1,,,,,,,,,,,1,,,,,,,,,,,,,,,,,,,,,,1,,0,,no,Upcoming Spizter 3.8 um obs. Karl says W3-W4 excess is almost 5 sig. Looks real.  ,Alexis,25,
0,HIP 68064,,Spitzer 3.8 um,104,107.3952359,F3V,96.68,6.78,0.35,209.0397,25.9187,75,5.98,5.87,5.83,5.97,5.94,5.8,5.81,5.9,5.9,5.77,5.78,0.11,0.05,0.05,0.03,0.01,0.01,0.04,0.03,0.16,2.7,1,,,,,,,,,,,,,,1,,,,,,,,,,,,,,,,,,,1,"really good alignment, 3e-6 contrast.",0,,no,Upcoming Spizter 3.8 micron observations to validate significance of excess. ,Alexis,26,
0,HIP 68139,,Spitzer 3.8 um,80,89.7255296,G5,204.79,9.81,0.73,209.2623,24.9167,75,8.65,8.35,8.26,8.23,8.21,8.27,8.26,8.21,8.21,7.62,7.66,0.02,0.02,0.02,0.14,0.02,0.02,0.14,0.14,0.55,4,1,,,,,,,,,,,1,,,,,,,,,,,,,,,,,,,,,,1,"Really good alignment, 1e-5 at 1""",0,,no,Upcoming Spizter 3.8 micron observations to validate significance of excess. ,Alexis,27,
0,HIP 69758,,WISE,108,112.4682277,A0,41.67,7.87,0.24,214.1508,-7.4668,50,7.37,7.32,7.26,7.18,7.24,7.24,7.24,7.26,7.26,6.93,6.95,0.05,0.03,0.02,0.07,0.02,0.02,0.08,0.07,0.29,4,1,,,,,,1,,,,,,,,,,,,,,,,,,,,,,,,,,,1,"decent alignment, variable seeing?",0,,no,Observed at Keck Jun 2012,Alexis,28,
0,HIP 69860,,WISE,38,40.44391238,early G?,186.88,11.71,0.59,214.4493,21.4338,70,8.53,7.94,7.68,7.567,7.6,7.55,7.56,7.461,7.46,7.249,7.26,0.031,0.026,0.02,0.073,0.017,0.016,0.087,0.073,0.34,4.4,1,,,,,,,,,,,,1,,,,,,,,,,,,,,,,,,,,,1,,0,,no,FGK star added in Oct 2012,Alexis,29,
0,HIP 70536,,Spitzer 3.8 um,16,1.63E+01,M0.5,1372.53,9.97,1.46,216.4444,23.6205,68,6.89,6.3,6.09,****,6.01,****,5.94,****,5.94,****,5.84,****,0.04,****,0.03,****,****,****,****,0.17,#VALUE!,1,,,,,,,,,,,,1,,,,,,,,,,,,,,,,,,,,,1,,0,,no,Upcoming Spizter 3.8 micron observations to validate significance of excess. ,Alexis,30,
0,HIP 70553,,WISE,106,1.32E+02,A2p,44.07,7.12,0.01,216.4828,0.9927,55,7.1,7.15,7.15,7.08,7.12,7.16,7.16,7.19,7.19,6.83,6.83,0.04,0.03,0.02,0.06,0.02,0.02,0.07,0.06,0.29,4.4,1,,,,,,1,,,,,,,,,,,,,,,,,,,,,,,,,,,1,"rock solid alignment, very good contrast",0,,no,Observed at Keck Jun 2012,Alexis,31,
0,HIP 70894,,WISE,79.3,7.50E+01,A5IV,16.29,6.02,0.16,217.4606,0.829,55,5.65,5.67,5.55,5.66,5.67,5.41,5.35,5.6,5.57,5.4,5.42,0.12,0.05,0.05,0.03,0.02,0.01,0.03,0.03,0.25,4.4,1,,1,,,,,,,,,,,,,,,,,,,,,,,,,,,,,,,1,"decent alignment, good contrast",0,,no,"Observed at Keck, Feb 2011",Alexis,32,
0,HIP 70956,,Spitzer 3.8 um,16,15.78192117,M0.5V,1292.09,9.39,1.42,217.6988,-8.6463,47,6.62,6.01,5.77,5.8,5.8,5.63,5.63,5.67,5.71,5.61,5.62,0.06,0.06,0.04,0.03,0.02,****,0.03,****,0.18,#VALUE!,1,,,,,,,,,,,,,,1,,,,,,,,,,,,,,,,,,,1,"super good alignment, 2e-6 at 1 arcsecon",0,,no,Upcoming Spizter 3.8 micron observations to validate significance of excess. ,Alexis,33,
0,HIP 71718,,WISE,52,51.29388833,F8,94.5,7.86,0.51,220.044,57.7132,54,6.86,6.62,6.58,6.56,6.54,6.53,6.58,6.58,6.58,6.31,6.32,0.08,0.04,0.02,0.04,0.02,0.02,0.04,0.04,0.22,4.7,1,,,,,,,,,,,1,,,,,,,,,,,,,,,,,,,,,,1,,0,,no,"Revised Spitzer 3.8 um excess: 4.7 sigma. Observed 26 Mar 2013. Some heavy clouds, and star lost. Could reobserve. ",Alexis,34,
0,HIP 71957,,Project 1640,18,1.83E+01,F2V,334.95,3.9,0.36,220.7651,-5.6582,48,3.34,3.07,3.04,1.643,3.179,1.748,2.195,2.901,2.885,2.836,2.828,****,0.007,****,0.021,0.014,0.012,0.022,0.021,0.351,15.9,1,,,,,,,,,,,,,,1,,,,,,,,,,,,,,,,,,,1,contrast 5-e-6 at one arcsecond,0,"maybe something at 0.66"", 18deg EofN",no,Why not previously observed? Close F2+huge excess. Probably too bright for WISE.  ,Alexis,35,
0,HIP 72408,,Zuckerman,74,82.15576733,F0,60.82,7.89,0.39,222.0864,21.3186,63,7.11,6.97,6.94,6.875,6.887,6.906,6.912,6.928,6.927,6.79,6.787,0.053,0.034,0.019,0.051,0.015,0.015,0.062,0.051,0.1,1.6,1,,,,,,1,,,,,,,,,,,,,,,,,,,,,,,,,,,1,"decent alignment, good contrast",0,,no,Zuckerman et al. (2012) Table 2 (Proposed Tuc/Hor  Columba Member). Private target too,Alexis,36,
0,HIP 72552,,WISE,98.4,102.8690169,A4V,18.66,5.82,0.05,222.4935,28.6159,64,5.59,5.61,5.59,5.61,5.62,5.43,5.37,5.57,5.55,5.05,5.06,0.15,0.05,0.06,0.03,0.02,0.02,0.03,0.03,0.55,9.8,1,,,,,,1,,,,,,,,,,,,,,,,,,,,,,,,,,,1,"okay alignment, okay contrast",0,,no,Observed at Keck Jun 2012,Alexis,37,
0,HIP 73730,,WISE,100,110.4423215,A2,13.47,7.43,0.17,226.0734,59.5351,50,7.07,7,6.99,6.93,6.95,6.94,6.95,6.96,6.96,6.62,6.63,0.06,0.03,0.02,0.05,0.02,0.02,0.06,0.05,0.32,5.6,1,,,,,,1,,,,,,,,,,,,,,,,,,,,,,,,,,,1,"good contrast, good alignment",0,,no,Observed at Keck Jun 2012,Alexis,38,
0,HIP 73765,no,Zuckerman,49,5.04E+01,F8,37.49,7.5,0.45,226.1813,38.6052,60,6.5,6.32,6.28,6.252,6.237,6.175,6.23,6.272,6.272,6.174,6.191,0.081,0.046,0.029,0.04,0.015,0.015,0.043,0.04,0.046,0.8,1,,,,,,,,,,,,,,,,,,,,,,1,,,,,,,1,,,40,2,,1,,yes!,Sutlieff analyzed. Need more data. Octans. 100 Myr. Bmac April 2013 observations. Companion (BD?) at 2-3 arcseconds! Sub H-burning!  ,Alexis,39,
0,HIP 73786,,Spitzer 3.8 um,18,19.01601609,K8V,789.46,9.81,1.32,226.223,5.6381,52,7.26,6.66,6.47,6.45,6.43,6.39,6.39,6.35,6.35,6.24,6.25,0.04,0.04,0.02,0.04,0.02,0.01,0.05,0.04,0.18,3,1,,,,,,,,,,,,1,,,,,,,,,,,,,,,,,,,,,1,,0,,no,Upcoming Spizter 3.8 micron observations to validate significance of excess. ,Alexis,40,
0,HIP 74359,,WISE,112,1.10E+02,A0,42.8,6.89,0.04,227.9488,10.2166,53,6.8,6.79,6.79,6.75,6.73,6.77,6.77,6.72,6.72,6.28,6.3,0.04,0.04,0.02,0.04,0.02,0.02,0.06,0.04,0.43,7.5,1,,,,,,1,,,,,,,,,,,,,,,,,,,,,,,,,,,1,"okay alignment, okay contrast",0,,no,Observed at Keck Jun 2012,Alexis,41,
0,HIP 74359,no,WISE Final,112,****,A0,42.8,6.87,0.05,227.9488,10.2166,52,6.8,6.79,6.79,6.75,6.746,6.77,6.773,6.72,6.716,6.28,6.279,0.04,0.038,0.02,0.055,0.02,0.015,0.06,0.042,0.467,8.2,1,,,,,,,,,,,,,,,,,,,,,,1,,,,,,,,,,,1,,,,no,"Observed 21 May 2014. Possible extended structure? Or PSF? Only appears in ADI image, less in PCA. Big excess! ",Alexis,42,
0,HIP 74553,,WISE,100,1.05E+02,A5,86.28,6.66,0.19,228.4968,43.0481,57,6.2,6.14,6.11,6.11,6.09,6.01,6.04,6.07,6.06,5.63,5.63,0.1,0.05,0.04,0.03,0.02,0.02,0.04,0.03,0.45,7.5,1,,,,,,1,,,,,,,,,,,,,,,,,,,,,,,,,,,1,"okay alignment, fairly poor contrast",0,,no,"0.7"" binary! Observed at Keck Jun 2012",Alexis,43,
0,HIP 74596,,WISE,77.4,7.69E+01,A2V,75.22,5.31,0.06,228.6213,29.1644,59,5.09,5.15,5.11,5.09,5.19,4.93,4.76,5.15,5.13,4.94,4.97,0.23,0.05,0.1,0.02,0.02,0.01,0.03,0.03,0.22,3.9,1,,1,,,,,,,,,,,,,,,,,,,,,,,,,,,,,,,1, ,0,,no,"Revised Spitzer 3.8 um excess: 4.1 sigma. Keck: Feb 2011, Observe again if possible. ",Alexis,44,
0,HIP 75158,,WISE Final,73,6.71E+01,F8,167.4,7.43,0.49,230.3864,-6.8266,40,6.58,6.35,6.29,6.318,6.318,6.29,6.29,6.304,6.304,5.948,5.948,0.052,0.052,0.021,0.053,0.015,0.015,0.053,0.042,0.37,5.5,1,,,,,,,,,,,,,,,,,,,,,,,1,,,,,,1,,,160,2,,1,"Faint companion at 4.2"" to the NE ",no,Sutlieff: bkg object. Observed by Henry and Danielle on 7/7/2014. Looks like a very tight binary ~50mas. Centroiding tough. ,Alexis,45,
0,HIP 75848,no,WISE Final,88,80.10638127,Ap...,66.97,6.69,0.38,232.3948,-17.4409,31,6.31,6.28,6.25,6.266,6.266,6.197,6.197,6.249,6.249,5.895,5.895,0.092,0.092,0.027,0.045,0.016,0.015,0.045,0.047,0.371,3.6,,,,,,,,,,,,,,,,,,,,,,,1,,,,,,,1,,,,2,,0,,no,"This is HD 137949 = 33 Lib, a Farisa star with two promising candidates. Observed by you for Farisa on 2014 May 21. ",Alexis,46,
0,HIP 78010,,Spitzer 3.8 um,62,62.03012183,F6V,88.49,7.78,0.5,238.9424,-15.1593,28,6.75,6.54,6.46,6.48,6.45,6.42,6.45,6.47,6.47,6.19,6.21,0.04,0.05,0.03,0.06,0.02,0.02,0.06,0.06,0.24,3.4,1,,,,,,,,,,,,,,1,,,,,,,,,,,,,,,,,,,1,"well centered. 6e-6 contrast at 1""",0,,no,Upcoming Spizter 3.8 micron observations to validate significance of excess. ,Alexis,47,
0,HIP 78286,,Spitzer 3.8 um,48,48.82216526,F0IV,59.56,6.04,0.26,239.7683,49.881,48,5.43,5.32,5.29,5.4,5.36,5.12,5.05,5.31,5.31,5.2,5.21,0.15,0.07,0.07,0.03,0.02,0.01,0.03,0.03,0.15,2.1,1,,,,,,,,,,,,1,,,,,,,,,,,,,,,,,,,,,1,,0,,no,Possibly something SE at .43 arcsec. Likely a speckle. Spizter 3.8 um target,Alexis,48,
0,HIP 79677,,WISE,63,64.65503307,F8,51.37,8.19,0.52,243.9261,35.641,46,7.22,7.02,6.97,6.918,6.91,6.935,6.93,6.936,6.94,6.595,6.61,0.049,0.036,0.021,0.051,0.016,0.015,0.058,0.051,0.3,4.8,1,,,,,,,,,,,1,,,,,,,,,,,,,,,,,,,,,,1,One of the best examples of good alignment,0,,no,FGK star added in Oct 2012,Alexis,49,
0,HIP 79796,,Spitzer 3.8 um,20,2.03E+01,M5.6V,446.7,9.96,1.46,244.2725,55.2692,44,6.6,5.99,5.76,5.68,5.64,5.44,5.43,5.52,5.51,5.39,5.4,0.15,0.06,0.05,0.02,0.01,0.01,0.03,0.02,0.24,3.6,1,,,,,,,,,,,,1,,,,,,,,,,,,,,,,,,,,,1,,0,,no,Spizter 3.8 um target.,Alexis,50,
0,HIP 80427,,WISE,116,1.18E+02,A3,19.88,7.3,0,246.2511,51.7166,43,6.88,6.87,6.82,6.82,6.8,6.82,6.83,6.83,6.84,6.54,6.55,0.06,0.04,0.02,0.04,0.02,0.02,0.05,0.04,0.25,4.7,1,,,,,,1,,,,,,,,,,,,,,,,,,,,,,,,,,,1,"good contrast, good alignment",0,,no,Observed at Keck Jun 2012,Alexis,51,
0,HIP 81393,,WISE Final,88,1.29E+02,G5V,87.78,9.77,0.81,249.3463,-17.4604,19,8.05,7.65,7.53,7.438,7.438,7.495,7.495,7.481,7.481,7.206,7.206,0.032,0.032,0.021,0.116,0.018,0.017,0.116,0.083,0.232,2.6,1,,,,,,,,,,,,,,,,,,,,,,,1,,,,,,,,,,1,,,One arcsecond binary. Not reduced. Should try to reprocess this. ,no?,Observed by Henry and Danielle on 7/7/2014. Henry notes the presence of a companion: binary.  ,Alexis,52,
0,HIP 81400,no,WISE Final,118,1.07E+02,F2,35.04,8.37,0.55,249.3747,-11.8699,23,7.14,6.94,6.82,6.794,6.794,6.709,6.709,6.682,6.682,5.876,5.876,0.068,0.068,0.021,0.053,0.016,0.016,0.053,0.049,0.918,11,1,,,,,,,,,,,,,,,,,,,,,,1,,,,,,,,,,,1,,,,no,"Observed 21 May 2014. Possibly some extended structure. Doesn't seem to persist, though. ",Alexis,53,
0,HIP 81560,,WISE,91.9,9.39E+01,A0,32.67,7.32,0.19,249.8586,29.2183,40,6.87,6.87,6.82,6.79,6.82,6.79,6.82,6.8,6.78,6.49,6.53,0.04,0.03,0.02,0.05,0.02,0.02,0.06,0.05,0.27,4.6,1,,1,,,,,,,,,,,,,,,,,,,,,,,,,,,,,,,1,"Great contrast, pretty good alignment",0,,no,"Observed at Keck, Feb 2011",Alexis,54,
0,HIP 81572,no,WISE Final,92,9.68E+01,F0,21.76,7.47,0.38,249.8967,-7.5123,25,6.7,6.53,6.49,6.49,6.46,6.43,6.45,6.44,6.44,6.23,6.19,0.07,0.04,0.02,0.05,0.02,0.02,0.06,0.05,0.27,4.3,1,,,,,,,,1,,,,,1,1,,,,,,,,1,,,,,,,1,,,55,5,LOCI: 9/5/2012: PCA: 10/17. Redo alignment? Poor mirror phasing ,2,"Both Keck: 1) 2.57"" N (1e-5), 2) 3"" SW, (6e-06)",no,"Both objects bkg. Palomar: June '12+ Keck: Aug 2012, 2.5"" due N. Also detected a (likely binary) companion for Palomar calibrator SAO 159966. Observed on both 2014 May observing runs. ",Alexis,55,
0,HIP 81800,,Spitzer 3.8 um,29,29.3351482,F8V,171.24,6.47,0.5,250.6159,49.9364,41,5.44,5.17,5.15,5.17,5.17,4.99,4.89,5.17,5.17,5.02,5.03,0.12,0.06,0.06,0.02,0.02,0.02,0.03,0.02,0.14,2.1,1,,,,,,,,,,,,1,,,,,,,,,,,,,,,,,,,,,1,,0,,no,Upcoming Spizter 3.8 micron observations to validate significance of excess. ,Alexis,56,
0,HIP 81812,,WISE,94.1,103.6452017,A2,40.9,7.45,0.23,250.6475,-11.1747,22,6.86,6.78,6.74,6.75,6.75,6.69,6.72,6.74,6.72,6.26,6.3,0.07,0.03,0.02,0.05,0.02,0.02,0.06,0.06,0.42,5.9,1,,,,,,1,,,,,,,,,,,,,,,,,,,,,,,,,,,1,not great contrast,0,,no,Observed at Keck Jun 2012,Alexis,57,
0,HIP 81971,no,WISE,92,109.447509,A2,44.92,7.48,0.17,251.1767,2.3329,29,7.07,7,7.02,6.99,7,7.02,7.02,7.01,7.02,6.13,6.16,0.06,0.03,0.02,0.05,0.02,0.02,0.06,0.05,0.84,13.8,1,,,,,,1,,,,,,,,1,,,,,,,,,,,,,,,,,,,2,"decent contrast, decent alignment",1,"Marginal: 4.5e-5 contrast, 0.28"" sep, PA = 327 EoN",no,"Observed at Keck Jun 2012, Jun 2013. Companion not seen in followup. Probably a speckle. Rats",Alexis,58,
0,HIP 82587,,Spitzer 3.8 um,29,29.67130132,F0V,92.53,5.34,0.28,253.2419,31.7017,38,0,0,0,4.57,4.57,4.32,4.09,4.52,4.54,4.3,4.29,0.21,0.08,0.14,0.03,0.02,0.02,0.03,0.03,0.28,3.3,1,,,,,,,,,,,,1,,,,,,,,,,,,,,,,,,,,,1,,0,,no,Revised Spitzer 3.8 um excess:5.1 sigma. HD 152598. Listed in Janson paper. Contrast comparable to us. ,Alexis,59,
0,HIP 83478,no,WISE,76.7,82.75473978,A1V,40.34,5.93,0.01,255.9137,13.6053,30,5.87,5.92,5.92,5.98,5.99,5.83,5.84,5.89,5.86,5.3,5.34,0.1,0.04,0.04,0.03,0.02,0.01,0.04,0.03,0.64,12.3,1,,,,,,,,,,,1,,,,,,,,,,,1,,,,,,,,,,50,2,,1,"Jonas: 1.9e-4, 3.77"", 60 deg. ",yes,"HD 154228. KRS:variability. Farisa:Keck(2011A)+Palomar(2012A), Sasha/Jonas:Palomar (2013A)",Alexis,60,
0,HIP 83494,,Zuckerman,54,55.56111167,A5V,61.13,6.07,0.19,255.9732,34.7902,36,5.65,5.68,5.6,5.699,5.633,5.481,5.459,5.6,5.607,5.408,5.402,0.113,0.057,0.052,0.034,0.014,0.014,0.038,0.034,0.231,4.5,1,,,,,,,,,,,1,,,,,,,,,,,,,,,,,,,,,,1,,0,,no,Zuck '11: Tab 3/Fig 6 (Tuc/Hor/Col) Excess! Brandt paper. Malo Tuc/Hor. Revised 3.8 um excess: 4.5 sigma  ,Alexis,61,
0,HIP 83796,no,WISE,90,92.75749481,F2,50.66,8,0.48,256.8779,3.9732,25,7.17,7,6.91,6.91,6.91,6.92,6.93,6.93,6.92,6.72,6.64,0.06,0.03,0.02,0.06,0.02,0.02,0.07,0.06,0.27,3.8,1,,,,,,1,,,,,,,,1,,,,,,,,1,,,,,,,,,,100,3,,1,"Jonas: 2e-4 at 3""",no,"Observed at Palomar June 2012, Keck June 2013.",James,1,
0,HIP 85157,,Project 1640,42,42.74673415,F0IV,58.23,5.72,0.21,261.0274,22.9603,29,5.24,5.22,5.18,5.178,5.112,5.028,4.92,5.167,5.166,4.018,4.015,0.177,0.067,0.074,0.023,0.015,0.015,0.024,0.023,1.097,15.5,1,,,1,,,,,,,,,,,,,,,,,,,,,,,,,,,,,,1,,0,,no,HD 157728. Sasha at Keck May 2011 (PI: John Carpenter). Also in the Wahhaj paper.  ,James,2,
0,HIP 85224,no,Karl Special,,100.506553,F5V,33.28,,,261.2177,-18.859,9,,,5.18,7.28,5.11,7.31,4.92,7.25,5.17,5.29,4.02,0.03,0.07,0.02,0.03,0.02,0.02,0.04,0.03,1.98,,1,,,,,,1,,,,,,,,,,,,,,,,,,,,,,,,,,,1,"good contrast, good alignment",,Numerous point sources in FOV,yes? ,HD 157587,James,3,
0,HIP 85665,,Spitzer 3.8 um,10,10.11642999,M1V,249.85,9.32,1.47,262.5947,5.5485,21,6.24,5.65,5.42,5.39,5.34,5.13,5.05,5.23,5.24,5.12,5.13,0.15,0.06,0.06,0.03,0.02,0.02,0.04,0.03,0.21,2.9,1,,,,,,,,,,,,1,,,,,,,,,,,,,,,,,,,,,1,,0,,no,Upcoming Spizter 3.8 micron observations to validate significance of excess. ,James,4,
0,HIP 87558,yes,Spitzer 3.8 um,31,30.80135896,F4IV-V,144.37,5.77,0.4,268.3091,6.1014,16,0,0,0,4.74,4.75,4.45,4.28,4.72,4.71,4.58,4.57,0.24,0.09,0.1,0.02,0.01,0.02,0.02,0.02,0.18,2,1,,,,,,,,,,,,,,1,,,,,,,,1,,,,,,,,,,130,2,"contrast better than SEEDS: 4e-6 @1"" = 13.5 mags at 1""",3,"""CC1""=bkg?, ""CC2"" at edge. ""CC3"" off chip. All three objects visible in May 2014 epoch. ",no,Sutlieff: all three bkg. HD 162917. Janson: 3 candidates.  SEEDS monitoring these:  Upcoming Spitzer. P1640.  ,James,5,
0,HIP 88349,,WISE Final,88,92.30797633,A2,27.69,6.86,0.12,270.6281,58.6273,29,6.64,6.63,6.58,6.575,6.575,6.547,6.547,6.584,6.584,6.101,6.101,0.075,0.075,0.023,0.037,0.015,0.015,0.037,0.036,0.474,5.7,1,,,,,,,,,,,,,,,,,,,,,,,1,,,,,,,,,,1,,0,,no,Observed by Henry and Danielle on 7/7/2014. Varying transmission. Clouds? ,James,6,
0,HIP 88924,no,WISE Final,53,53.82768681,G5,303.1,9.93,0.87,272.278,-9.4477,5,8.28,7.8,7.71,7.664,7.67,7.745,7.74,7.673,7.64,7.417,7.09,0.027,0.025,0.019,0.086,0.02,0.02,0.11,0.086,0.58,6.5,1,,,,,,,,,,,,1,,,,,,,,,,1,,,,,,,,,,320,2,,9,"Close to plane. Likely more candidates, but only 9 were visible in both epochs: Mphys students. ",no,"All sources background. FGK star added in Oct 2012. Observed 30 April 3013. Close to plane. Numerous sources, but can rule these out due to v high PM. ",James,7,
0,HIP 89728,no,WISE Final,30,29.79728904,K3V,66.71,9.29,1.03,274.6695,-6.701,4,7.37,6.83,6.72,6.658,6.65,6.72,6.72,6.716,6.71,6.573,6.34,0.076,0.039,0.022,0.057,0.016,0.016,0.063,0.057,0.31,4.5,1,,,,,,,,,,,,1,,,,,,,,,,1,,,,,,,,,,70,2,,7,"One candidate at 1.3 arcsec due East, 1e-5 contrast",no,All sources background. FGK star added in Oct 2012. Obverved 30 April 2013,James,8,
0,HIP 89925,no,Zuckerman,56,55.55524692,A5m,54.03,5.63,0.21,275.2374,29.8589,19,5.12,5.04,4.99,5.071,5.021,4.872,4.758,5.063,5.056,5.023,5.019,0.211,0.08,0.102,0.03,0.014,0.014,0.033,0.03,0.002,0,1,,,,,,,,,,,1,,,1,,1,,1,,,,1,,,,,,,1,,,,6,Very stable speckles,2,"3.6"" towards the south, 1.7e-5 ",no,"Both objects bkg. Elisabeth: need an additional epoch on second companion (Initial epoch was 2013 September).  Zuck. et al. (2012) Table 1 (Argus). Private target, too. Palomar 29 Mar 2013. Keck JHK Nov 2013",James,9,
0,HIP 90174,no,WISE Final,61,61.13142033,F6III-IV,50.6,6.38,0.34,276.015,-3.5832,4,5.67,5.58,5.44,5.5,5.45,5.3,5.25,5.51,5.49,5.12,5.1,0.19,0.07,0.07,0.03,0.01,0.01,0.03,0.03,0.35,4.6,1,,,,,,,1,,,,,,,,,,,,,,,1,,,,,,,,,,90,2,great contrast: 2e-6,9,"See text file for list of sep, contrasts. Near G plane?",yes,Observed at Keck July 2012  Palomar June 2012,James,10,
0,HIP 92346,no,WISE Final,100,97.18172983,A1V,9.64,6.74,0.08,282.3095,25.0466,12,6.57,6.55,6.52,6.49,6.46,6.46,6.48,6.47,6.47,6.16,6.16,0.07,0.04,0.02,0.04,0.02,0.02,0.05,0.04,0.29,5.1,1,,,,,,1,,,,,,,1,,,,,,,,,1,,,,,,,,,,20,3,"AO lock issues,but decent contrast+alignment",2,"contrast: 3.2e-5 3.8e-5 for 4.3""  6.98"" resp.",yes,Observed at Keck Jun 2012,James,11,
0,HIP 93528,,WISE,73,73.96559121,G5,186.86,9.01,0.72,285.736,23.3706,8,7.68,7.39,7.29,7.23,7.23,7.29,7.28,7.28,7.22,7.14,6.95,0.04,0.03,0.02,0.06,0.02,0.02,0.09,0.06,0.28,4,1,,,,,,,,,,,,,1,,,,,,,,,,,,,,,,,,,,1,"very stable speckles, 1e-5 at 1 arcsecond",0,,no,3.7 to 4.0 sigma object added in Feb 2013,James,12,
0,HIP 93843,no,Spitzer 3.8 um,39,40.98797413,F0III,113.98,5.53,0.27,286.6572,28.6286,10,5.05,5,4.81,4.88,4.81,4.57,4.38,4.8,4.82,4.69,4.68,0.15,0.07,0.09,0.03,0.01,0.01,0.03,0.03,0.13,1.8,1,,,,,,,,,,,,,,1,,,,1,,,,,,,,,,,,,,50,2,"really good alignment. Decent contrast: 4e-6 @ 1""",3,"2e-5 @ 2.4""  7e-6 @ 3.1""",yes!!,"Sutlieff: more keck data needed. Spitzer 3.8 um obs. Candidate at 2.4"" visible in *dc fits file of 2nd epoch if more accurate astrometry needed.   ",James,13,
0,HIP 94140,,WISE,93.5,103.7645789,A0V,28.6,6.27,0.01,287.4409,65.9786,23,6.21,6.26,6.26,6.2,6.22,6.15,6.26,6.19,6.16,5.44,5.49,0.09,0.04,0.03,0.03,0.01,0.01,0.03,0.03,0.72,14.9,1,,,,1,,,,,,,,,,,,,,,,,,,,,,,,,,,,,1,"decent contrast, good alignment",0,,no,Observed at Keck Oct 2011,James,14,
0,HIP 95560,no,Morales,73,71.98335745,A0,35.63,9.39,,291.5552,20.0977,2,,,5.61,5.69,5.69,5.49,5.54,5.61,5.61,5.17,5.19,0.13,0.05,0.03,0.02,0.01,0.01,0.04,0.04,0.51,,1,,,,,,,,1,,,,,,,,,,,,,,,,1,,,,,,,,75,2,,8,Eight (8!) point sources,yes,Farisa star. HD 182919. Mult-belt. Observed by Henry on 02 Oct 2014. Clouds present. Data maybe not useable.  ,James,15,
0,HIP 96440,,WISE Final,77,78.91787806,F0V,25.65,5.48,0.91,294.1086,-18.8529,-18,5.63,5.54,5.46,5.46,5.39,5.26,5.22,5.46,5.45,5.13,5.09,0.17,0.07,0.06,0.03,0.02,0.02,0.03,0.03,0.3,4,1,,,,,,,,1,,,,,,,,,,,,,,,,,,,,,,,,0,1,Reduced 10/17/2012: No obvious post-LOCI/ADI candidates. Poor mirror phasing,0,At Keck: 1 or 2,no??,Observed at Keck Aug 2012,James,16,
0,HIP 96718,no,WISE Final,108,114.8211087,A2,43.96,7.9,0.1,294.9176,-6.7086,-14,7.08,6.88,6.89,6.86,6.85,6.83,6.84,6.86,6.86,6.6,6.54,0.07,0.04,0.02,0.06,0.02,0.02,0.08,0.06,0.31,4.4,1,,,,,,1,,,,,,,1,,,1,,,,,,,,,,,,,,,,50,3,"decent contrast, good alignment",2,"6.9"" and 7.1"", both PA ~ 70 deg EoN, both contrast: 4e-5",no,"Both objects bkg. Observed at Keck Jun 2012, May 2013",James,17,
0,HIP 97028,no,WISE Final,111,108.7145591,A1V,5.29,6.08,0,295.79,30.6779,4,6,6.09,6.04,6.08,6.04,5.99,6.03,6.09,6.08,5.74,5.77,0.1,0.05,0.04,0.04,0.02,0.02,0.04,0.04,0.28,4.5,1,,,,,,1,,,,,,,,,,,,,,,,1,,,,,,,,,,10,2,"good contrast, good alignment",5,"See txt file. Five candidates, one is < 1"" and < 1e-5 ",yes!!,"Observed at Keck Jun 2012. Promising, but close to plane, painfully small PM. Got JHK on 5/21/2014",James,18,
0,HIP 97229,no,Project 1640,53,53.58654763,A3IV,54.1,5.89,0.17,296.4164,7.6132,-8,5.57,5.47,5.46,5.439,5.484,5.257,5.237,5.517,5.463,5.35,5.388,0.058,0.06,0.057,0.032,0.025,0.016,0.035,0.032,0.096,1.4,1,,,,,,,,,,,,,1,,,,,,,,,,1,,,,,,,,,,2,,4,See README file. ,yes!!,"Heavy follow-up by IDPS (inc. BMac 2012). 2 unresolved point sources at ~3"" and 2 pt. sources at ~8"". July 2014 observations not useful ",James,19,
0,HIP 97509,no,WISE Final,50,50.14592464,G0IV,236.57,6.91,0.6,297.2857,27.7317,1,5.85,5.56,5.54,5.527,5.76,5.424,5.43,5.563,5.55,5.43,5.48,0.202,0.053,0.06,0.034,0.016,0.015,0.047,0.034,0.28,4.4,1,,,,,,,,,,,,,1,,,,,,,,,1,,,,,,,,,,240,2,"6e-6 at one arcsec, good alignment",6,numerous. Close to plane. See README file,no,All candidates bkg. FGK star added in Oct 2012. Observed on both 13 May and 21 May.  ,James,20,
0,HIP 97640,no,Spitzer 3.8 um,28,28.56647323,G5,377.07,8.02,0.78,297.6706,34.9501,4,6.42,5.98,5.87,5.92,5.9,5.79,5.78,5.88,5.86,5.78,5.71,0.11,0.05,0.05,0.03,0.02,0.02,0.04,0.03,0.19,3.1,1,,,,,,,,,,,,,1,,,,,,,,,,1,,,,,,,,,,2,,3,"three in *adi image,  four companions seen in *dc.fits image",no,Sutlieff: all 3 bkg. Upcoming Spitzer. 3 obvious companions. Close to plane. Don't follow up?  ,James,21,
1,HIP 99542,no,WISE Final,39,40.42806966,K2,368.02,9.04,0.86,303.0236,46.3005,7,7.59,7.14,7.09,6.939,7.01,7.05,7.06,7.003,7,6.723,6.57,0.055,0.034,0.02,0.044,0.016,0.017,0.05,0.044,0.44,7.9,1,,,,,,,,,1,1,,,1,,,,,,,,,,,,,,,,,1,,,4,"okay contrast, rock solid alignment",5,At least one bound candidate,no,FGK star added in Oct 2012. Observed at Keck Oct 2012 (Farisa Night). Farisa observed 16Mar. Brendan 16Jun ,James,22,
0,HIP 99892,,WISE,72.8,81.61866129,A0III,52.08,7.4,0.23,304.0117,-16.2958,-26,6.84,6.74,6.72,6.69,6.68,6.63,6.68,6.67,6.66,5.87,5.9,0.07,0.03,0.02,0.04,0.02,0.02,0.05,0.05,0.75,13.5,1,,,,1,,,,,,,,,,,,,,,,,,,,,,,,,,,,,1,"some cirrus, alignment good",0,,no,Observed at Keck Oct 2011,James,23,
0,HIP 101070,yes,WISE Final,69.9,69.84557144,A3m,19.34,6.64,0.23,307.338,20.0877,-11,6.12,6.1,6.04,6.08,6.09,5.97,5.99,6.03,6.03,5.69,5.76,0.09,0.04,0.04,0.04,0.02,0.02,0.04,0.04,0.3,5.2,1,,,,,,,,1,,,,,,,,1,,,,,,,1,,,,,,,,,40,3,"10/15/2012, ",1,4.9 arcseconds: 201 deg E of N. 5e-06,yes,Observed at Keck Aug 2012. Observed by Henry and Danielle 7/12/2014,James,24,
0,HIP 101614,no,WISE Final,66,64.64959917,G5,244.12,8.24,0.66,308.9108,36.4749,-2,7.07,6.81,6.76,6.767,6.75,6.75,6.77,6.723,6.72,6.411,6.33,0.077,0.037,0.022,0.048,0.019,0.019,0.051,0.048,0.42,6.9,1,,,,,,,,,,,,,1,,,,,,,,,1,1,,,,,,,,,,3,,7,See README file. ,no,"All objects bkg. FGK star added in Oct 2012. Close to plane. Observed 5/21/14, 7/12/14 by Henry/Danielle",James,25,
0,HIP 101800,yes,WISE,57.9,59.46575962,A2V,40.01,5.45,0.05,309.4548,11.3777,-17,5.41,5.37,5.3,5.32,5.37,5.13,5.11,5.33,5.32,4.97,4.99,0.15,0.05,0.06,0.03,0.02,0.02,0.03,0.03,0.37,6.6,1,,,,1,,,,,,,,,1,,,,,,,,,,,1,,,,,,,,,3,"good alignment and contrast, Nice PCA image for paper",2,"Two wide companions 4.4"",4.8""1e-5, 3e-6,",no,"Sutlieff: both objects bkg. GPI. Rameau/Nielsen/Wahajj. Keck: Oct 2011 Tons of recent NICI/NIRI obs., Spitzer Morales, Recent VLT. ",James,26,
0,HIP 102218,,Zuck Private,68,6.41E+01,F5,37.39,7.75,,310.6692,-10,-30,,,,6.6,6.6,6.58,6.61,6.63,6.63,6.63,6.65,0.07,0.04,0.02,0.08,0.02,0.02,0.09,0.08,-0.05,,1,,,,,,,,,,,,,1,,,,,,,,,,,,,,,,,,,,1,contrast not great. 2e-5,0,,no,Octans Member. 100 Myr. Observed on 31 May 2013. Some odd horizontal streaks in the PSF. Binary? ,James,27,
0,HIP 102419,yes,WISE Final,58,62.75179156,F2/F3IV/V,74.76,6.96,0.34,311.3124,-15.7983,-32,6.32,6.2,6.12,6.12,6.09,6.03,6.07,6.14,6.14,5.83,5.8,0.1,0.05,0.04,0.05,0.02,0.02,0.05,0.05,0.29,4.5,1,,,,,,,1,,,,,,,,,,,,,,,,,,,,,,,,,,1,mediocre contrast,1,"5e-5, 0.27"" due north. Pretty marginal detection. Speckle?",yes,Observed at Keck July 2012 and Palomar June 2012,James,28,
0,HIP 102655,yes,WISE Final,53,53.7799218,G0,42.87,8.46,0.59,312.0449,-6.0228,-29,7.34,7.15,6.99,6.893,6.88,6.947,6.95,6.956,6.96,6.545,6.49,0.062,0.034,0.021,0.06,0.018,0.017,0.076,0.06,0.39,5.7,1,,,,,,,,,1,,,,,,,1,,,,,,,,,1,,,,,,,90,3,"Okay alignment, decent contrast",2,See README file for list of sep/contrast,no,FGK star added in Oct 2012. Nov 2014 observations had some heavy clouds. ,James,29,
0,HIP 102843,no,WISE,40,41.48792287,A4me...,180.47,5.07,0.19,312.5205,44.0593,0,4.88,4.61,4.58,4.55,4.56,4.28,4.17,4.59,4.58,4.23,4.2,0.22,0.08,0.13,0.04,0.02,0.02,0.04,0.04,0.36,4.2,1,,,,,,1,,1,1,1,,,,,,,,,,,,,,1,,,,,,,,,5,Aug2012 reduced 10/17/12,1,"yes: 3.26"" SW: 1e-5, enough baseline to confirm",no,"Sutlieff: bkg object clearly. Neilsen following this. Crepp Keck obs 24 Jun 2012 (J+H colors!), Aug+Oct '12 + Oct '14 (with clouds) followup",James,30,
0,HIP 102880,,WISE,119,123.5956445,A2,19.9,7.8,0.1,312.6607,22.7304,-13,7.24,7.21,7.19,7.09,7.16,7.19,7.2,7.08,7.09,6.15,6.19,0.03,0.03,0.02,0.05,0.02,0.02,0.05,0.05,0.97,18.3,1,,,,,,,,1,,,,,,,,,,,,,,,,,,,,,,,,,1,"Lost lock, so contrast is not great",0,,no,Observed at Keck Aug 2012. Added in May 2012,James,31,
0,HIP 104430,,WISE,100,****,A3,65.5,6.66,0.16,317.3167,-0.2349,-30,6.36,6.26,6.26,6.24,6.21,6.13,6.21,6.22,6.21,5.61,5.62,0.09,0.05,0.03,0.04,0.02,0.02,0.04,0.04,0.6,9.4,1,,,,,,,,1,,,,,,,,,,,,,,,,,,,,,,,,,1,Looks good. Very symmetric. Nice LOCI image,0,,no,Observed at Keck Aug 2012. Added in May 2012,James,32,
0,HIP 106783,,WISE,87,88.29710209,A2V,58.09,6.18,0.03,324.4319,6.6184,-32,6.13,6.13,6.11,6.09,6.07,6.03,6.1,6.13,6.13,5.77,5.77,0.1,0.05,0.04,0.04,0.02,0.02,0.04,0.04,0.3,4.7,1,,,,,,1,,1,,,,,,,,,,,,,,,,,,,,,,,,,2,"Reduced 9/6/2012. Good contrast, high quality data!",0,no,no,11 degrees in Jun 2012. August 2012 observations. ,James,33,
0,HIP 107585,,WISE Final,97.4,95.3279759,A2,35.66,6.88,0.07,326.8535,-4.6087,-41,6.7,6.74,6.68,6.68,6.67,6.67,6.7,6.64,6.62,5.78,5.81,0.08,0.03,0.02,0.05,0.02,0.02,0.06,0.05,0.85,15.2,1,,,,1,,,,,,,,,,,,,,,,,,,,,,,,,,,,,1,"rock solid alignment, very good contrast: 1e-6 at 1""",0,"marginal 5 sigma detection at .52"" PA=305 deg, 5e-6",no,"Observed at Keck Oct 2011. re-reduced May 2014 with new pipeline, and no sign of companion. ",James,34,
0,HIP 107596,,WISE,69,69.87143656,A7V,66.05,6.17,0.21,326.9093,-5.9168,-41,5.73,5.64,5.63,5.59,5.55,5.42,5.39,5.62,5.62,5.2,5.22,0.16,0.06,0.05,0.04,0.02,0.02,0.04,0.04,0.33,4.6,1,,,,,,,,1,,,,,,,,,,,,,,,,,,,,,,,,,1,Clouds! Contrast not too great. ,0,,no,"Observed at Keck Aug 2012, not good correction. ",James,35,
0,HIP 107919,,WISE,69.8,69.05934269,A5,79.66,6.73,0.29,327.9665,11.0913,-32,6.2,6.11,6.05,6.05,6.03,5.98,6.02,6.07,6.05,5.55,5.58,0.11,0.04,0.04,0.03,0.01,0.01,0.04,0.04,0.42,7.7,1,,,,1,,,,,,,,,,,,,,,,,,,,,,,,,,,,,1,"decent alignment, good contrast",0,,no,Observed at Keck Oct 2011,James,36,
0,HIP 110739,,WISE,79.1,81.74008288,F0,26.2,7.37,0.29,336.5284,-5.1779,-49,6.74,6.59,6.56,6.49,6.49,6.49,6.54,6.55,6.53,6.14,6.18,0.08,0.03,0.02,0.05,0.02,0.02,0.06,0.05,0.28,4.9,1,,,,1,,,,,,,,,,,,,,,,,,,,,,,,,,,,,1,,0,,no,Observed at Keck Oct 2011,James,37,
0,HIP 110785,,Spitzer 3.8 um,38,4.02E+01,F7V,289.43,5.75,0.52,336.6558,4.3938,-43,5.02,4.62,4.49,4.73,4.57,3.7,3.93,4.45,4.45,4.38,4.4,0.17,0.08,0.11,0.02,0.02,0.02,0.02,0.02,0.17,2.1,1,,,,,,,,,,,,,,1,,,,,,,,,,,,,,,,,,,1,"rock solid alignment, 3e-6 @ 1""",0,,no,"Has a 4-5"" binary companion.  Upcoming Spitzer obs. to validate significance of excess. ",James,38,
0,HIP 110786,,WISE,77.8,7.49E+01,A3,36.64,7.05,0.27,336.6737,-11.2282,-53,6.47,6.38,6.32,6.3,6.29,6.23,6.33,6.34,6.3,5.77,5.81,0.1,0.04,0.03,0.04,0.02,0.02,0.05,0.05,0.45,7.4,1,,,,1,,,,,,,,,,,,,,,,,,,,,,,,,,,,,1,"very good alignment, very good contrast",0,maybe extended structure in ADI image?,no ,Observed at Keck Oct 2011,James,39,
0,HIP 113195,no,WISE Final,78.7,8.63E+01,A5,38.08,7.55,0.3,343.85,70.2973,10,60,6.79,6.71,6.71,6.72,6.59,0.03,6.66,0.02,6.33,0.02,0.05,0.06,0.03,6.46,0.02,0.02,0.04,0.06,0.27,3.3,1,,,,1,,,,,1,,,,,,,,,,,,,,,,1,,,,,,,120,3,"decent alignment, pretty good contrast",2,"2 wide objects: 4.16"", 6.79"",  PA=154  ~160 EoN, contrast:1.3e-5, 2.3e-5",yes,"Eric Nielsen is following this. Observed at Keck Oct '11, Oct '12. DLP: ok? W4 misshapen. (re-added Sept 2012)",James,40,
0,HIP 114031,,WISE,105,1.15E+02,A0,17.69,6.76,0.02,346.3877,14.9591,-41,6.71,6.79,6.77,6.7,6.72,6.77,6.79,6.79,6.79,6.08,6.11,0.07,0.03,0.02,0.05,0.02,0.02,0.06,0.05,0.61,10.4,1,,,,,,,,1,,,,,,,,,,,,,,,,,,,,,,,,,1,Used only a subset of the images due to clouds,0,,no,Observed at Keck Aug 2012,James,41,
0,HIP 114224,no,WISE Final,92,1.19E+02,A4III,35.48,7.3,0.3,346.9801,31.4588,-26,7.2,7.21,7.16,7.05,7.11,7.16,7.16,7.15,7.16,6.71,6.8,0.05,0.03,0.02,0.07,0.02,0.02,0.07,0.07,0.31,4.1,1,,,,,,,,1,,,,,,,,1,,,,,,,,1,,,,,,,,,3,Good alignment. No obvious problems,2,"yes. 3.59"" to the SW: 6.5e-5",no,Sutlieff: both objects bkg. Observed at Keck Aug 2012,James,42,
0,HIP 115162,,Malo,50,5.13E+01,G0,102.4,8.93,0.74,349.9148,42.2527,-17,7.61,7.28,7.22,7.09,0,7.2,0,7.17,0,6.93,0,0.04,0,0.02,0,0.02,0.02,0.1,0.09,0,,1,,,,,,,,,,,,,,,1,,,,,,,,,,,,,,,,,,1,,0,,no,"Malo AB Dor. Ben Montet observed on 18 Aug 2013. Brandt:12 mags @ 1"" (Brandt: nothing w/in 7""). ",James,43,
0,HIP 115738,,Zuckerman,47,48.92008903,A0p...,128.08,4.93,0.05,351.7332,1.2556,-55,0,0,0,4.886,4.949,4.75,4.67,4.959,4.951,4.517,4.524,0.26,0.079,0.124,0.022,0.015,0.015,0.023,0.022,0.425,5.2,1,,,,,,,,1,,,,,,,,,,,,,,,,,,,,,,,,,1,"okay contrast, variable seeing? ",0,Nothing,no,"Rameau+Vigan (13.5 mags @ 1""). Zuck ('11-Tab 2  Fig 2, '12-Tab 3). Malo AB Dor. Excess!",James,44,
1,HIP 115806,,WISE Final,110,115.6630965,A0mnp...,45.68,5.99,-0.06,351.9183,25.1673,-34,6.03,6.11,6.09,6.202,6.202,6.025,6.025,6.132,6.132,5.78,5.78,0.093,0.093,0.033,0.041,0.015,0.015,0.041,0.036,0.422,4.2,1,,,,,,,,,,,,,,,,,,,,,,,,,1,,,,,,,,1,,,,,,James,45,
0,HIP 117122,,WISE,102,96.58849438,F8,49.94,8.08,0.47,356.1619,-8.8488,-66,****,****,****,6.8,6.79,6.88,6.88,6.91,6.91,6.48,6.49,0.06,0.03,0.02,0.06,0.02,0.02,0.06,0.06,0.3,4.5,1,,,,,,,,,,,,,,,,,,1,,,,,,,,,,,,,,,1,,0,,no,Revised Spitzer 3.8 um excess: 5.3 sigma. Old notes: 3.7 to 4.0 sigma object added in Feb 2013,James,46,
0,HIP 117481,,WISE,34,35.38946102,F6V,90.72,6.96,0.5,357.3314,-27.8543,-76,6,5.79,5.7,5.735,5.72,5.613,5.62,5.699,5.71,5.44,5.44,0.121,0.051,0.047,0.037,0.014,0.014,0.041,0.037,0.28,4.4,1,,,,,,,,,,,,,,,,,,1,,,,,,,,,,,,,,,1,,0,,no,Vican: 330-375 Myr. FGK star added in Oct 2012,James,47,
0,HIP 117915,,WISE,39,3.94E+01,K2IV,577.26,7.37,1.01,358.7669,28.6337,-33,5.49,4.95,4.72,4.483,4.55,3.632,4.06,4.365,4.37,4.254,4.22,0.351,0.088,0.176,0.028,0.016,0.015,0.033,0.028,0.33,3.6,1,,,,,,,,,1,,,,,,,,,,,,,,,,,,,,,,,,1,"mediocre alignment, mediocre contrast ",0,,no,"FGK star added in Oct 2012. Why such poor contrast? Seeing 0.4, 22 degrees. WTF?",James,48,
0,HIP 117960,,WISE,45,5.51E+01,K0,234.33,9.22,0.87,358.9001,0.6958,-59,7.8,7.38,7.32,7.141,7.24,7.331,7.33,7.282,7.27,7.04,6.79,0.036,0.029,0.019,0.081,0.017,0.017,0.104,0.081,0.45,5.2,1,,,,,,,,,,1,,,,,1,,,,,,,,,,,,,,,,,,2,"Okay, alignment, very poor contrast (clouds) ",0,,,WISE FGK star. Keck Dec 2012 with clouds. Jon Swift Aug 2013. Evidence for binarity. ,James,49,
0,HIP 118133,,WISE,94,1.08E+02,B9V,19.38,6.65,0.04,359.4425,11.4744,-49,6.58,6.57,6.59,6.58,6.56,6.55,6.6,6.58,6.58,6.07,6.11,0.07,0.04,0.02,0.05,0.02,0.02,0.06,0.05,0.45,7.2,1,,,,,,,,1,,,,,,,,,,,,,,,,,,,,,,,,,1,Reduced 9/6/2012,0,"Possibly something at 0.5"" at 11 oclock position ",no,Observed at Keck Aug 2012,James,50,
0,2M00080642+4757025,no,WISE,17,18.62739539,M4.0,114.07,12.4,*****,2.0268,47.9507,-14,8.52,8,7.68,7.473,7.508,7.336,7.338,7.221,7.212,6.962,6.92,0.033,0.026,0.02,0.06,0.017,0.015,0.069,0.06,0.4,,1,,,,,,,,,,,,,,,,,1,,,,,,,1,,,,,,,,115,2,,1,"Companion is 4.5"" to the SE. Contrast is 10^-3 ",no,Sutlieff: bkg object. Also did photometric distance calc. New WISE Mdwarf. J000806.29+475702.4. M4 Xray source. SB2. Distance is an estimate,James,51,
0,BD+45 598,,Zuck Private,63,73.41826264,K0,62.93,9,0.82,35.3,46,-14,,,7.05,6.98,6.95,7,7,6.98,6.98,6.45,6.5,0.06,0.03,0.02,0.06,0.02,0.02,0.07,0.06,0.45,6.4,1,,,,,,,,,,1,,,,,,1,,,,,,,,1,,,1,,,,,,4,,0,,YES,Possible edge-on disk. B Pic MG. Has CPM with HIP11847. Attempted 12Dec (clouds) ,James,52,
0,G 34-23,,WISE,28,,??,287.15,13.04,1.24,20.5428,22.1509,-40,8.41,7.82,7.54,7.32,7.341,7.17,7.167,7.05,7.055,6.84,6.856,0.03,0.027,0.02,0.06,0.02,0.02,0.07,0.06,0.3,,1,,,,,,,,,,,,,,,,, ,,,,,,,,,,,,,,,,0,,0,,no,New WISE Mdwarf. J012210.48+220901.5. X-ray source. Very tight binary. Will be hard to reduce?,James,54,
0,GJ 4185,no,Zuckerman,17,20.31919766,M3.3V,205.66,12.68,1.32,319.024,29.8642,-13,8.45,7.86,7.61,7.437,7.474,7.307,7.312,7.2,7.208,7.076,7.068,0.034,0.026,0.02,0.07,0.016,0.016,0.093,0.07,0.406,12.4,1,,,,,,,,,,,,,,,,1,,,1,,,,,,,,,,,,,50,2,,2,"3.1e-4 @ 5.49"" to the SE, 1.7e-4 @ 2.68"" to SSW",no,Both objects bkg. Possible Octans  (BZ '13). 150 Myr. TIGHT BINARY. 2-3 companions. Distance was an estimate,James,55,
0,HD 001404,,Morales,41,42.0267681,A2V,77.95,4.52,,4.5819,36.7852,-26,,,4.46,4.315,4.3,4.072,3.86,4.355,4.35,4.144,4.14,0.302,0.1,0.138,0.05,0.014,0.014,0.021,0.02,0.17,,1,,,,1,,,,,,,,,,,,,,,,,,,,,,,,,,,,,1,"okay alignment, pretty good contrast",0,,no,This is the same as HIP 1473. Watch out for repeats,James,56,
0,HD 225200,no,Morales,125,134.4681216,A0V,28.71,6.39,,1.0846,-29.2688,-79,6.28,6.25,6.26,6.21,6.21,6.14,6.14,6.22,6.22,5.73,5.73,0.09,0.09,0.03,0.05,0.01,0.01,0.05,0.05,0.48,,1,,,,1,,,,,1,,,,,,,,,,,,,,,,,,,,,,,,2,Follow up! companion at ~60AU or PCA speckle? Need lots of rotation,0,"Careful examination suggests nothing is likely there at either epoch (Possible 0.49"" companion, 1.0e-5).",no? ,,James,57,
1,HD 38207,,Kennedy,,110.9698599,,17,,,85.8373,-20.189,-23,,,7.5,7.46,7.47,7.49,7.49,7.45,7.45,6.69,6.67,0.03,0.03,0.02,0.02,0.02,0.02,0.08,0.06,,,1,,,,,,,,,,,,,,,,,,,,,,,,,1,,,,,,,,1,,,,,,James,58,
1,HD 76223,,Karl very dusty,,623.6651382,K0,5,,,133.6526,-7.3724,23,,,5.55,5.61,5.59,5.45,5.45,5.52,5.52,5.45,5.47,0.13,0.06,0.06,0.03,0.02,0.02,0.04,0.03,,,1,,,,,,,,,,,,,,,,,,,,,,,,,,1,,,,,,,1,,,,,Observed by Henry on 07 December 2014,James,59,
0,HD35841,,GPI/Moor,***,103.6762963,F3V,19.23,8.9,0.47,81.6524,-22.4899,-28,8.04,7.84,7.83,7.72,7.719,7.77,7.765,7.73,7.731,6.6,6.598,0.03,0.027,0.02,0.075,0.02,0.02,0.08,0.07,1.121,,1,,,,,,,,,,,,,,,,,,,,,,,,,,,1,,,,,,1,,0,,no,Moor target. Likely Columba member. GPI protected. ,James,60,
0,TYC 2838-2350-1,,WISE ,15,32258.61939,M5,253.63,11.34,1.5,34.3251,41.9175,-18,0,0,0,5.6,5.446,5.149,5.042,4.717,4.719,4.333,4.328,0.147,0.058,0.087,0.025,0.014,0.014,0.027,0.025,0.6,,1,,,,,,,,,,,,,,,,,1,,,,,,,,,,,,,,,,1,,0,,no,New WISE Mdwarf. Four arcsecond offset betw. WISE/Tycho. Confusion? Excess is huge compared to AU Mic. ,James,61,
